 Area,Year,average_rain_fall_mm_per_year
Afghanistan,1985,327
Afghanistan,1986,327
Afghanistan,1987,327
Afghanistan,1989,327
Afghanistan,1990,327
Afghanistan,1991,327
Afghanistan,1992,327
Afghanistan,1993,327
Afghanistan,1994,327
Afghanistan,1995,327
Afghanistan,1996,327
Afghanistan,1997,327
Afghanistan,1998,327
Afghanistan,1999,327
Afghanistan,2000,327
Afghanistan,2001,327
Afghanistan,2002,327
Afghanistan,2004,327
Afghanistan,2005,327
Afghanistan,2006,327
Afghanistan,2007,327
Afghanistan,2008,327
Afghanistan,2009,327
Afghanistan,2010,327
Afghanistan,2011,327
Afghanistan,2012,327
Afghanistan,2013,327
Afghanistan,2014,327
Afghanistan,2015,327
Afghanistan,2016,327
Afghanistan,2017,327
Albania,1985,1485
Albania,1986,1485
Albania,1987,1485
Albania,1989,1485
Albania,1990,1485
Albania,1991,1485
Albania,1992,1485
Albania,1993,1485
Albania,1994,1485
Albania,1995,1485
Albania,1996,1485
Albania,1997,1485
Albania,1998,1485
Albania,1999,1485
Albania,2000,1485
Albania,2001,1485
Albania,2002,1485
Albania,2004,1485
Albania,2005,1485
Albania,2006,1485
Albania,2007,1485
Albania,2008,1485
Albania,2009,1485
Albania,2010,1485
Albania,2011,1485
Albania,2012,1485
Albania,2013,1485
Albania,2014,1485
Albania,2015,1485
Albania,2016,1485
Albania,2017,1485
Algeria,1985,89
Algeria,1986,89
Algeria,1987,89
Algeria,1989,89
Algeria,1990,89
Algeria,1991,89
Algeria,1992,89
Algeria,1993,89
Algeria,1994,89
Algeria,1995,89
Algeria,1996,89
Algeria,1997,89
Algeria,1998,89
Algeria,1999,89
Algeria,2000,89
Algeria,2001,89
Algeria,2002,89
Algeria,2004,89
Algeria,2005,89
Algeria,2006,89
Algeria,2007,89
Algeria,2008,89
Algeria,2009,89
Algeria,2010,89
Algeria,2011,89
Algeria,2012,89
Algeria,2013,89
Algeria,2014,89
Algeria,2015,89
Algeria,2016,89
Algeria,2017,89
American Samoa,1985,
American Samoa,1986,
American Samoa,1987,
American Samoa,1989,
American Samoa,1990,
American Samoa,1991,
American Samoa,1992,
American Samoa,1993,
American Samoa,1994,
American Samoa,1995,
American Samoa,1996,
American Samoa,1997,
American Samoa,1998,
American Samoa,1999,
American Samoa,2000,
American Samoa,2001,
American Samoa,2002,
American Samoa,2004,
American Samoa,2005,
American Samoa,2006,
American Samoa,2007,
American Samoa,2008,
American Samoa,2009,
American Samoa,2010,
American Samoa,2011,
American Samoa,2012,
American Samoa,2013,
American Samoa,2014,
American Samoa,2015,
American Samoa,2016,
American Samoa,2017,
Andorra,1985,1010
Andorra,1986,1010
Andorra,1987,1010
Andorra,1989,1010
Andorra,1990,1010
Andorra,1991,1010
Andorra,1992,1010
Andorra,1993,1010
Andorra,1994,1010
Andorra,1995,1010
Andorra,1996,1010
Andorra,1997,1010
Andorra,1998,1010
Andorra,1999,1010
Andorra,2000,1010
Andorra,2001,1010
Andorra,2002,1010
Andorra,2004,1010
Andorra,2005,1010
Andorra,2006,1010
Andorra,2007,1010
Andorra,2008,1010
Andorra,2009,1010
Andorra,2010,1010
Andorra,2011,1010
Andorra,2012,1010
Andorra,2013,1010
Andorra,2014,1010
Andorra,2015,1010
Andorra,2016,1010
Andorra,2017,1010
Angola,1985,1010
Angola,1986,1010
Angola,1987,1010
Angola,1989,1010
Angola,1990,1010
Angola,1991,1010
Angola,1992,1010
Angola,1993,1010
Angola,1994,1010
Angola,1995,1010
Angola,1996,1010
Angola,1997,1010
Angola,1998,1010
Angola,1999,1010
Angola,2000,1010
Angola,2001,1010
Angola,2002,1010
Angola,2004,1010
Angola,2005,1010
Angola,2006,1010
Angola,2007,1010
Angola,2008,1010
Angola,2009,1010
Angola,2010,1010
Angola,2011,1010
Angola,2012,1010
Angola,2013,1010
Angola,2014,1010
Angola,2015,1010
Angola,2016,1010
Angola,2017,1010
Antigua and Barbuda,1985,1030
Antigua and Barbuda,1986,1030
Antigua and Barbuda,1987,1030
Antigua and Barbuda,1989,1030
Antigua and Barbuda,1990,1030
Antigua and Barbuda,1991,1030
Antigua and Barbuda,1992,1030
Antigua and Barbuda,1993,1030
Antigua and Barbuda,1994,1030
Antigua and Barbuda,1995,1030
Antigua and Barbuda,1996,1030
Antigua and Barbuda,1997,1030
Antigua and Barbuda,1998,1030
Antigua and Barbuda,1999,1030
Antigua and Barbuda,2000,1030
Antigua and Barbuda,2001,1030
Antigua and Barbuda,2002,1030
Antigua and Barbuda,2004,1030
Antigua and Barbuda,2005,1030
Antigua and Barbuda,2006,1030
Antigua and Barbuda,2007,1030
Antigua and Barbuda,2008,1030
Antigua and Barbuda,2009,1030
Antigua and Barbuda,2010,1030
Antigua and Barbuda,2011,1030
Antigua and Barbuda,2012,1030
Antigua and Barbuda,2013,1030
Antigua and Barbuda,2014,1030
Antigua and Barbuda,2015,1030
Antigua and Barbuda,2016,1030
Antigua and Barbuda,2017,1030
Argentina,1985,591
Argentina,1986,591
Argentina,1987,591
Argentina,1989,591
Argentina,1990,591
Argentina,1991,591
Argentina,1992,591
Argentina,1993,591
Argentina,1994,591
Argentina,1995,591
Argentina,1996,591
Argentina,1997,591
Argentina,1998,591
Argentina,1999,591
Argentina,2000,591
Argentina,2001,591
Argentina,2002,591
Argentina,2004,591
Argentina,2005,591
Argentina,2006,591
Argentina,2007,591
Argentina,2008,591
Argentina,2009,591
Argentina,2010,591
Argentina,2011,591
Argentina,2012,591
Argentina,2013,591
Argentina,2014,591
Argentina,2015,591
Argentina,2016,591
Argentina,2017,562
Armenia,1985,562
Armenia,1986,562
Armenia,1987,562
Armenia,1989,562
Armenia,1990,562
Armenia,1991,562
Armenia,1992,562
Armenia,1993,562
Armenia,1994,562
Armenia,1995,562
Armenia,1996,562
Armenia,1997,562
Armenia,1998,562
Armenia,1999,562
Armenia,2000,562
Armenia,2001,562
Armenia,2002,562
Armenia,2004,562
Armenia,2005,562
Armenia,2006,562
Armenia,2007,562
Armenia,2008,562
Armenia,2009,562
Armenia,2010,562
Armenia,2011,562
Armenia,2012,562
Armenia,2013,562
Armenia,2014,562
Armenia,2015,562
Armenia,2016,562
Armenia,2017,562
Aruba,1985,
Aruba,1986,
Aruba,1987,
Aruba,1989,
Aruba,1990,
Aruba,1991,
Aruba,1992,
Aruba,1993,
Aruba,1994,
Aruba,1995,
Aruba,1996,
Aruba,1997,
Aruba,1998,
Aruba,1999,
Aruba,2000,
Aruba,2001,
Aruba,2002,
Aruba,2004,
Aruba,2005,
Aruba,2006,
Aruba,2007,
Aruba,2008,
Aruba,2009,
Aruba,2010,
Aruba,2011,
Aruba,2012,
Aruba,2013,
Aruba,2014,
Aruba,2015,
Aruba,2016,
Aruba,2017,
Australia,1985,534
Australia,1986,534
Australia,1987,534
Australia,1989,534
Australia,1990,534
Australia,1991,534
Australia,1992,534
Australia,1993,534
Australia,1994,534
Australia,1995,534
Australia,1996,534
Australia,1997,534
Australia,1998,534
Australia,1999,534
Australia,2000,534
Australia,2001,534
Australia,2002,534
Australia,2004,534
Australia,2005,534
Australia,2006,534
Australia,2007,534
Australia,2008,534
Australia,2009,534
Australia,2010,534
Australia,2011,534
Australia,2012,534
Australia,2013,534
Australia,2014,534
Australia,2015,534
Australia,2016,534
Australia,2017,534
Austria,1985,1110
Austria,1986,1110
Austria,1987,1110
Austria,1989,1110
Austria,1990,1110
Austria,1991,1110
Austria,1992,1110
Austria,1993,1110
Austria,1994,1110
Austria,1995,1110
Austria,1996,1110
Austria,1997,1110
Austria,1998,1110
Austria,1999,1110
Austria,2000,1110
Austria,2001,1110
Austria,2002,1110
Austria,2004,1110
Austria,2005,1110
Austria,2006,1110
Austria,2007,1110
Austria,2008,1110
Austria,2009,1110
Austria,2010,1110
Austria,2011,1110
Austria,2012,1110
Austria,2013,1110
Austria,2014,1110
Austria,2015,1110
Austria,2016,1110
Austria,2017,1110
Azerbaijan,1985,447
Azerbaijan,1986,447
Azerbaijan,1987,447
Azerbaijan,1989,447
Azerbaijan,1990,447
Azerbaijan,1991,447
Azerbaijan,1992,447
Azerbaijan,1993,447
Azerbaijan,1994,447
Azerbaijan,1995,447
Azerbaijan,1996,447
Azerbaijan,1997,447
Azerbaijan,1998,447
Azerbaijan,1999,447
Azerbaijan,2000,447
Azerbaijan,2001,447
Azerbaijan,2002,447
Azerbaijan,2004,447
Azerbaijan,2005,447
Azerbaijan,2006,447
Azerbaijan,2007,447
Azerbaijan,2008,447
Azerbaijan,2009,447
Azerbaijan,2010,447
Azerbaijan,2011,447
Azerbaijan,2012,447
Azerbaijan,2013,447
Azerbaijan,2014,447
Azerbaijan,2015,447
Azerbaijan,2016,447
Azerbaijan,2017,447
Bahamas,1985,
Bahamas,1986,
Bahamas,1987,1292
Bahamas,1989,
Bahamas,1990,
Bahamas,1991,
Bahamas,1992,1292
Bahamas,1993,1292
Bahamas,1994,1292
Bahamas,1995,1292
Bahamas,1996,1292
Bahamas,1997,1292
Bahamas,1998,1292
Bahamas,1999,1292
Bahamas,2000,1292
Bahamas,2001,1292
Bahamas,2002,1292
Bahamas,2004,1292
Bahamas,2005,1292
Bahamas,2006,1292
Bahamas,2007,1292
Bahamas,2008,1292
Bahamas,2009,1292
Bahamas,2010,1292
Bahamas,2011,1292
Bahamas,2012,1292
Bahamas,2013,1292
Bahamas,2014,1292
Bahamas,2015,1292
Bahamas,2016,1292
Bahamas,2017,1292
Bahrain,1985,83
Bahrain,1986,83
Bahrain,1987,83
Bahrain,1989,83
Bahrain,1990,83
Bahrain,1991,83
Bahrain,1992,83
Bahrain,1993,83
Bahrain,1994,83
Bahrain,1995,83
Bahrain,1996,83
Bahrain,1997,83
Bahrain,1998,83
Bahrain,1999,83
Bahrain,2000,83
Bahrain,2001,83
Bahrain,2002,83
Bahrain,2004,83
Bahrain,2005,83
Bahrain,2006,83
Bahrain,2007,83
Bahrain,2008,83
Bahrain,2009,83
Bahrain,2010,83
Bahrain,2011,83
Bahrain,2012,83
Bahrain,2013,83
Bahrain,2014,83
Bahrain,2015,83
Bahrain,2016,83
Bahrain,2017,83
Bangladesh,1985,2666
Bangladesh,1986,2666
Bangladesh,1987,2666
Bangladesh,1989,2666
Bangladesh,1990,2666
Bangladesh,1991,2666
Bangladesh,1992,2666
Bangladesh,1993,2666
Bangladesh,1994,2666
Bangladesh,1995,2666
Bangladesh,1996,2666
Bangladesh,1997,2666
Bangladesh,1998,2666
Bangladesh,1999,2666
Bangladesh,2000,2666
Bangladesh,2001,2666
Bangladesh,2002,2666
Bangladesh,2004,2666
Bangladesh,2005,2666
Bangladesh,2006,2666
Bangladesh,2007,2666
Bangladesh,2008,2666
Bangladesh,2009,2666
Bangladesh,2010,2666
Bangladesh,2011,2666
Bangladesh,2012,2666
Bangladesh,2013,2666
Bangladesh,2014,2666
Bangladesh,2015,2666
Bangladesh,2016,2666
Bangladesh,2017,2666
Barbados,1985,1422
Barbados,1986,1422
Barbados,1987,1422
Barbados,1989,1422
Barbados,1990,1422
Barbados,1991,1422
Barbados,1992,1422
Barbados,1993,1422
Barbados,1994,1422
Barbados,1995,1422
Barbados,1996,1422
Barbados,1997,1422
Barbados,1998,1422
Barbados,1999,1422
Barbados,2000,1422
Barbados,2001,1422
Barbados,2002,1422
Barbados,2004,1422
Barbados,2005,1422
Barbados,2006,1422
Barbados,2007,1422
Barbados,2008,1422
Barbados,2009,1422
Barbados,2010,1422
Barbados,2011,1422
Barbados,2012,1422
Barbados,2013,1422
Barbados,2014,1422
Barbados,2015,1422
Barbados,2016,1422
Barbados,2017,618
Belarus,1985,618
Belarus,1986,618
Belarus,1987,618
Belarus,1989,618
Belarus,1990,618
Belarus,1991,618
Belarus,1992,618
Belarus,1993,618
Belarus,1994,618
Belarus,1995,618
Belarus,1996,618
Belarus,1997,618
Belarus,1998,618
Belarus,1999,618
Belarus,2000,618
Belarus,2001,618
Belarus,2002,618
Belarus,2004,618
Belarus,2005,618
Belarus,2006,618
Belarus,2007,618
Belarus,2008,618
Belarus,2009,618
Belarus,2010,618
Belarus,2011,618
Belarus,2012,618
Belarus,2013,618
Belarus,2014,618
Belarus,2015,618
Belarus,2016,618
Belarus,2017,618
Belgium,1985,847
Belgium,1986,847
Belgium,1987,847
Belgium,1989,847
Belgium,1990,847
Belgium,1991,847
Belgium,1992,847
Belgium,1993,847
Belgium,1994,847
Belgium,1995,847
Belgium,1996,847
Belgium,1997,847
Belgium,1998,847
Belgium,1999,847
Belgium,2000,847
Belgium,2001,847
Belgium,2002,847
Belgium,2004,847
Belgium,2005,847
Belgium,2006,847
Belgium,2007,847
Belgium,2008,847
Belgium,2009,847
Belgium,2010,847
Belgium,2011,847
Belgium,2012,847
Belgium,2013,847
Belgium,2014,847
Belgium,2015,847
Belgium,2016,847
Belgium,2017,847
Belize,1985,1705
Belize,1986,1705
Belize,1987,1705
Belize,1989,1705
Belize,1990,1705
Belize,1991,1705
Belize,1992,1705
Belize,1993,1705
Belize,1994,1705
Belize,1995,1705
Belize,1996,1705
Belize,1997,1705
Belize,1998,1705
Belize,1999,1705
Belize,2000,1705
Belize,2001,1705
Belize,2002,1705
Belize,2004,1705
Belize,2005,1705
Belize,2006,1705
Belize,2007,1705
Belize,2008,1705
Belize,2009,1705
Belize,2010,1705
Belize,2011,1705
Belize,2012,1705
Belize,2013,1705
Belize,2014,1705
Belize,2015,1705
Belize,2016,1705
Belize,2017,1705
Benin,1985,1039
Benin,1986,1039
Benin,1987,1039
Benin,1989,1039
Benin,1990,1039
Benin,1991,1039
Benin,1992,1039
Benin,1993,1039
Benin,1994,1039
Benin,1995,1039
Benin,1996,1039
Benin,1997,1039
Benin,1998,1039
Benin,1999,1039
Benin,2000,1039
Benin,2001,1039
Benin,2002,1039
Benin,2004,1039
Benin,2005,1039
Benin,2006,1039
Benin,2007,1039
Benin,2008,1039
Benin,2009,1039
Benin,2010,1039
Benin,2011,1039
Benin,2012,1039
Benin,2013,1039
Benin,2014,1039
Benin,2015,1039
Benin,2016,1039
Benin,2017,1039
Bermuda,1985,
Bermuda,1986,
Bermuda,1987,
Bermuda,1989,
Bermuda,1990,
Bermuda,1991,
Bermuda,1992,
Bermuda,1993,
Bermuda,1994,
Bermuda,1995,
Bermuda,1996,
Bermuda,1997,
Bermuda,1998,
Bermuda,1999,
Bermuda,2000,
Bermuda,2001,
Bermuda,2002,
Bermuda,2004,
Bermuda,2005,
Bermuda,2006,
Bermuda,2007,
Bermuda,2008,
Bermuda,2009,
Bermuda,2010,
Bermuda,2011,
Bermuda,2012,
Bermuda,2013,
Bermuda,2014,
Bermuda,2015,
Bermuda,2016,
Bermuda,2017,
Bhutan,1985,2200
Bhutan,1986,2200
Bhutan,1987,2200
Bhutan,1989,2200
Bhutan,1990,2200
Bhutan,1991,2200
Bhutan,1992,2200
Bhutan,1993,2200
Bhutan,1994,2200
Bhutan,1995,2200
Bhutan,1996,2200
Bhutan,1997,2200
Bhutan,1998,2200
Bhutan,1999,2200
Bhutan,2000,2200
Bhutan,2001,2200
Bhutan,2002,2200
Bhutan,2004,2200
Bhutan,2005,2200
Bhutan,2006,2200
Bhutan,2007,2200
Bhutan,2008,2200
Bhutan,2009,2200
Bhutan,2010,2200
Bhutan,2011,2200
Bhutan,2012,2200
Bhutan,2013,2200
Bhutan,2014,2200
Bhutan,2015,2200
Bhutan,2016,2200
Bhutan,2017,2200
Bolivia,1985,1146
Bolivia,1986,1146
Bolivia,1987,1146
Bolivia,1989,1146
Bolivia,1990,1146
Bolivia,1991,1146
Bolivia,1992,1146
Bolivia,1993,1146
Bolivia,1994,1146
Bolivia,1995,1146
Bolivia,1996,1146
Bolivia,1997,1146
Bolivia,1998,1146
Bolivia,1999,1146
Bolivia,2000,1146
Bolivia,2001,1146
Bolivia,2002,1146
Bolivia,2004,1146
Bolivia,2005,1146
Bolivia,2006,1146
Bolivia,2007,1146
Bolivia,2008,1146
Bolivia,2009,1146
Bolivia,2010,1146
Bolivia,2011,1146
Bolivia,2012,1146
Bolivia,2013,1146
Bolivia,2014,1146
Bolivia,2015,1146
Bolivia,2016,1146
Bolivia,2017,1146
Bosnia and Herzegovina,1985,1028
Bosnia and Herzegovina,1986,1028
Bosnia and Herzegovina,1987,1028
Bosnia and Herzegovina,1989,1028
Bosnia and Herzegovina,1990,1028
Bosnia and Herzegovina,1991,1028
Bosnia and Herzegovina,1992,1028
Bosnia and Herzegovina,1993,1028
Bosnia and Herzegovina,1994,1028
Bosnia and Herzegovina,1995,1028
Bosnia and Herzegovina,1996,1028
Bosnia and Herzegovina,1997,1028
Bosnia and Herzegovina,1998,1028
Bosnia and Herzegovina,1999,1028
Bosnia and Herzegovina,2000,1028
Bosnia and Herzegovina,2001,1028
Bosnia and Herzegovina,2002,1028
Bosnia and Herzegovina,2004,1028
Bosnia and Herzegovina,2005,1028
Bosnia and Herzegovina,2006,1028
Bosnia and Herzegovina,2007,1028
Bosnia and Herzegovina,2008,1028
Bosnia and Herzegovina,2009,1028
Bosnia and Herzegovina,2010,1028
Bosnia and Herzegovina,2011,1028
Bosnia and Herzegovina,2012,1028
Bosnia and Herzegovina,2013,1028
Bosnia and Herzegovina,2014,1028
Bosnia and Herzegovina,2015,1028
Bosnia and Herzegovina,2016,1028
Bosnia and Herzegovina,2017,1028
Botswana,1985,416
Botswana,1986,416
Botswana,1987,416
Botswana,1989,416
Botswana,1990,416
Botswana,1991,416
Botswana,1992,416
Botswana,1993,416
Botswana,1994,416
Botswana,1995,416
Botswana,1996,416
Botswana,1997,416
Botswana,1998,416
Botswana,1999,416
Botswana,2000,416
Botswana,2001,416
Botswana,2002,416
Botswana,2004,416
Botswana,2005,416
Botswana,2006,416
Botswana,2007,416
Botswana,2008,416
Botswana,2009,416
Botswana,2010,416
Botswana,2011,416
Botswana,2012,416
Botswana,2013,416
Botswana,2014,416
Botswana,2015,416
Botswana,2016,416
Botswana,2017,416
Brazil,1985,1761
Brazil,1986,1761
Brazil,1987,1761
Brazil,1989,1761
Brazil,1990,1761
Brazil,1991,1761
Brazil,1992,1761
Brazil,1993,1761
Brazil,1994,1761
Brazil,1995,1761
Brazil,1996,1761
Brazil,1997,1761
Brazil,1998,1761
Brazil,1999,1761
Brazil,2000,1761
Brazil,2001,1761
Brazil,2002,1761
Brazil,2004,1761
Brazil,2005,1761
Brazil,2006,1761
Brazil,2007,1761
Brazil,2008,1761
Brazil,2009,1761
Brazil,2010,1761
Brazil,2011,1761
Brazil,2012,1761
Brazil,2013,1761
Brazil,2014,1761
Brazil,2015,1761
Brazil,2016,1761
Brazil,2017,1761
British Virgin Islands,1985,
British Virgin Islands,1986,
British Virgin Islands,1987,
British Virgin Islands,1989,
British Virgin Islands,1990,
British Virgin Islands,1991,
British Virgin Islands,1992,
British Virgin Islands,1993,
British Virgin Islands,1994,
British Virgin Islands,1995,
British Virgin Islands,1996,
British Virgin Islands,1997,
British Virgin Islands,1998,
British Virgin Islands,1999,
British Virgin Islands,2000,
British Virgin Islands,2001,
British Virgin Islands,2002,
British Virgin Islands,2004,
British Virgin Islands,2005,
British Virgin Islands,2006,
British Virgin Islands,2007,
British Virgin Islands,2008,
British Virgin Islands,2009,
British Virgin Islands,2010,
British Virgin Islands,2011,
British Virgin Islands,2012,
British Virgin Islands,2013,
British Virgin Islands,2014,
British Virgin Islands,2015,
British Virgin Islands,2016,
British Virgin Islands,2017,
Brunei Darussalam,1985,2722
Brunei Darussalam,1986,2722
Brunei Darussalam,1987,2722
Brunei Darussalam,1989,2722
Brunei Darussalam,1990,2722
Brunei Darussalam,1991,2722
Brunei Darussalam,1992,2722
Brunei Darussalam,1993,2722
Brunei Darussalam,1994,2722
Brunei Darussalam,1995,2722
Brunei Darussalam,1996,2722
Brunei Darussalam,1997,2722
Brunei Darussalam,1998,2722
Brunei Darussalam,1999,2722
Brunei Darussalam,2000,2722
Brunei Darussalam,2001,2722
Brunei Darussalam,2002,2722
Brunei Darussalam,2004,2722
Brunei Darussalam,2005,2722
Brunei Darussalam,2006,2722
Brunei Darussalam,2007,2722
Brunei Darussalam,2008,2722
Brunei Darussalam,2009,2722
Brunei Darussalam,2010,2722
Brunei Darussalam,2011,2722
Brunei Darussalam,2012,2722
Brunei Darussalam,2013,2722
Brunei Darussalam,2014,2722
Brunei Darussalam,2015,2722
Brunei Darussalam,2016,2722
Brunei Darussalam,2017,2722
Bulgaria,1985,608
Bulgaria,1986,608
Bulgaria,1987,608
Bulgaria,1989,608
Bulgaria,1990,608
Bulgaria,1991,608
Bulgaria,1992,608
Bulgaria,1993,608
Bulgaria,1994,608
Bulgaria,1995,608
Bulgaria,1996,608
Bulgaria,1997,608
Bulgaria,1998,608
Bulgaria,1999,608
Bulgaria,2000,608
Bulgaria,2001,608
Bulgaria,2002,608
Bulgaria,2004,608
Bulgaria,2005,608
Bulgaria,2006,608
Bulgaria,2007,608
Bulgaria,2008,608
Bulgaria,2009,608
Bulgaria,2010,608
Bulgaria,2011,608
Bulgaria,2012,608
Bulgaria,2013,608
Bulgaria,2014,608
Bulgaria,2015,608
Bulgaria,2016,608
Bulgaria,2017,608
Burkina Faso,1985,748
Burkina Faso,1986,748
Burkina Faso,1987,748
Burkina Faso,1989,748
Burkina Faso,1990,748
Burkina Faso,1991,748
Burkina Faso,1992,748
Burkina Faso,1993,748
Burkina Faso,1994,748
Burkina Faso,1995,748
Burkina Faso,1996,748
Burkina Faso,1997,748
Burkina Faso,1998,748
Burkina Faso,1999,748
Burkina Faso,2000,748
Burkina Faso,2001,748
Burkina Faso,2002,748
Burkina Faso,2004,748
Burkina Faso,2005,748
Burkina Faso,2006,748
Burkina Faso,2007,748
Burkina Faso,2008,748
Burkina Faso,2009,748
Burkina Faso,2010,748
Burkina Faso,2011,748
Burkina Faso,2012,748
Burkina Faso,2013,748
Burkina Faso,2014,748
Burkina Faso,2015,748
Burkina Faso,2016,748
Burkina Faso,2017,748
Burundi,1985,1274
Burundi,1986,1274
Burundi,1987,1274
Burundi,1989,1274
Burundi,1990,1274
Burundi,1991,1274
Burundi,1992,1274
Burundi,1993,1274
Burundi,1994,1274
Burundi,1995,1274
Burundi,1996,1274
Burundi,1997,1274
Burundi,1998,1274
Burundi,1999,1274
Burundi,2000,1274
Burundi,2001,1274
Burundi,2002,1274
Burundi,2004,1274
Burundi,2005,1274
Burundi,2006,1274
Burundi,2007,1274
Burundi,2008,1274
Burundi,2009,1274
Burundi,2010,1274
Burundi,2011,1274
Burundi,2012,1274
Burundi,2013,1274
Burundi,2014,1274
Burundi,2015,1274
Burundi,2016,1274
Burundi,2017,1274
Cabo Verde,1985,228
Cabo Verde,1986,228
Cabo Verde,1987,228
Cabo Verde,1989,228
Cabo Verde,1990,228
Cabo Verde,1991,228
Cabo Verde,1992,228
Cabo Verde,1993,228
Cabo Verde,1994,228
Cabo Verde,1995,228
Cabo Verde,1996,228
Cabo Verde,1997,228
Cabo Verde,1998,228
Cabo Verde,1999,228
Cabo Verde,2000,228
Cabo Verde,2001,228
Cabo Verde,2002,228
Cabo Verde,2004,228
Cabo Verde,2005,228
Cabo Verde,2006,228
Cabo Verde,2007,228
Cabo Verde,2008,228
Cabo Verde,2009,228
Cabo Verde,2010,228
Cabo Verde,2011,228
Cabo Verde,2012,228
Cabo Verde,2013,228
Cabo Verde,2014,228
Cabo Verde,2015,228
Cabo Verde,2016,228
Cabo Verde,2017,228
Cambodia,1985,1904
Cambodia,1986,1904
Cambodia,1987,1904
Cambodia,1989,1904
Cambodia,1990,1904
Cambodia,1991,1904
Cambodia,1992,1904
Cambodia,1993,1904
Cambodia,1994,1904
Cambodia,1995,1904
Cambodia,1996,1904
Cambodia,1997,1904
Cambodia,1998,1904
Cambodia,1999,1904
Cambodia,2000,1904
Cambodia,2001,1904
Cambodia,2002,1904
Cambodia,2004,1904
Cambodia,2005,1904
Cambodia,2006,1904
Cambodia,2007,1904
Cambodia,2008,1904
Cambodia,2009,1904
Cambodia,2010,1904
Cambodia,2011,1904
Cambodia,2012,1904
Cambodia,2013,1904
Cambodia,2014,1904
Cambodia,2015,1904
Cambodia,2016,1904
Cambodia,2017,1904
Cameroon,1985,1604
Cameroon,1986,1604
Cameroon,1987,1604
Cameroon,1989,1604
Cameroon,1990,1604
Cameroon,1991,1604
Cameroon,1992,1604
Cameroon,1993,1604
Cameroon,1994,1604
Cameroon,1995,1604
Cameroon,1996,1604
Cameroon,1997,1604
Cameroon,1998,1604
Cameroon,1999,1604
Cameroon,2000,1604
Cameroon,2001,1604
Cameroon,2002,1604
Cameroon,2004,1604
Cameroon,2005,1604
Cameroon,2006,1604
Cameroon,2007,1604
Cameroon,2008,1604
Cameroon,2009,1604
Cameroon,2010,1604
Cameroon,2011,1604
Cameroon,2012,1604
Cameroon,2013,1604
Cameroon,2014,1604
Cameroon,2015,1604
Cameroon,2016,1604
Cameroon,2017,1604
Canada,1985,537
Canada,1986,537
Canada,1987,537
Canada,1989,537
Canada,1990,537
Canada,1991,537
Canada,1992,537
Canada,1993,537
Canada,1994,537
Canada,1995,537
Canada,1996,537
Canada,1997,537
Canada,1998,537
Canada,1999,537
Canada,2000,537
Canada,2001,537
Canada,2002,537
Canada,2004,537
Canada,2005,537
Canada,2006,537
Canada,2007,537
Canada,2008,537
Canada,2009,537
Canada,2010,537
Canada,2011,537
Canada,2012,537
Canada,2013,537
Canada,2014,537
Canada,2015,537
Canada,2016,537
Canada,2017,537
Cayman Islands,1985,
Cayman Islands,1986,
Cayman Islands,1987,
Cayman Islands,1989,
Cayman Islands,1990,
Cayman Islands,1991,
Cayman Islands,1992,
Cayman Islands,1993,
Cayman Islands,1994,
Cayman Islands,1995,
Cayman Islands,1996,
Cayman Islands,1997,
Cayman Islands,1998,
Cayman Islands,1999,
Cayman Islands,2000,
Cayman Islands,2001,
Cayman Islands,2002,
Cayman Islands,2004,
Cayman Islands,2005,
Cayman Islands,2006,
Cayman Islands,2007,
Cayman Islands,2008,
Cayman Islands,2009,
Cayman Islands,2010,
Cayman Islands,2011,
Cayman Islands,2012,
Cayman Islands,2013,
Cayman Islands,2014,
Cayman Islands,2015,
Cayman Islands,2016,
Cayman Islands,2017,
Central African Republic,1985,1342
Central African Republic,1986,1342
Central African Republic,1987,1342
Central African Republic,1989,1342
Central African Republic,1990,1342
Central African Republic,1991,1342
Central African Republic,1992,1342
Central African Republic,1993,1342
Central African Republic,1994,1342
Central African Republic,1995,1342
Central African Republic,1996,1342
Central African Republic,1997,1342
Central African Republic,1998,1342
Central African Republic,1999,1342
Central African Republic,2000,1342
Central African Republic,2001,1342
Central African Republic,2002,1342
Central African Republic,2004,1342
Central African Republic,2005,1342
Central African Republic,2006,1342
Central African Republic,2007,1342
Central African Republic,2008,1342
Central African Republic,2009,1342
Central African Republic,2010,1342
Central African Republic,2011,1342
Central African Republic,2012,1342
Central African Republic,2013,1342
Central African Republic,2014,1342
Central African Republic,2015,1342
Central African Republic,2016,1342
Central African Republic,2017,1342
Chad,1985,322
Chad,1986,322
Chad,1987,322
Chad,1989,322
Chad,1990,322
Chad,1991,322
Chad,1992,322
Chad,1993,322
Chad,1994,322
Chad,1995,322
Chad,1996,322
Chad,1997,322
Chad,1998,322
Chad,1999,322
Chad,2000,322
Chad,2001,322
Chad,2002,322
Chad,2004,322
Chad,2005,322
Chad,2006,322
Chad,2007,322
Chad,2008,322
Chad,2009,322
Chad,2010,322
Chad,2011,322
Chad,2012,322
Chad,2013,322
Chad,2014,322
Chad,2015,322
Chad,2016,322
Chad,2017,322
Channel Islands,1985,
Channel Islands,1986,
Channel Islands,1987,
Channel Islands,1989,
Channel Islands,1990,
Channel Islands,1991,
Channel Islands,1992,
Channel Islands,1993,
Channel Islands,1994,
Channel Islands,1995,
Channel Islands,1996,
Channel Islands,1997,
Channel Islands,1998,
Channel Islands,1999,
Channel Islands,2000,
Channel Islands,2001,
Channel Islands,2002,
Channel Islands,2004,
Channel Islands,2005,
Channel Islands,2006,
Channel Islands,2007,
Channel Islands,2008,
Channel Islands,2009,
Channel Islands,2010,
Channel Islands,2011,
Channel Islands,2012,
Channel Islands,2013,
Channel Islands,2014,
Channel Islands,2015,
Channel Islands,2016,
Channel Islands,2017,
Chile,1985,1522
Chile,1986,1522
Chile,1987,1522
Chile,1989,1522
Chile,1990,1522
Chile,1991,1522
Chile,1992,1522
Chile,1993,1522
Chile,1994,1522
Chile,1995,1522
Chile,1996,1522
Chile,1997,1522
Chile,1998,1522
Chile,1999,1522
Chile,2000,1522
Chile,2001,1522
Chile,2002,1522
Chile,2004,1522
Chile,2005,1522
Chile,2006,1522
Chile,2007,1522
Chile,2008,1522
Chile,2009,1522
Chile,2010,1522
Chile,2011,1522
Chile,2012,1522
Chile,2013,1522
Chile,2014,1522
Chile,2015,1522
Chile,2016,1522
Chile,2017,1522
China,1985,645
China,1986,645
China,1987,645
China,1989,645
China,1990,645
China,1991,645
China,1992,645
China,1993,645
China,1994,645
China,1995,645
China,1996,645
China,1997,645
China,1998,645
China,1999,645
China,2000,645
China,2001,645
China,2002,645
China,2004,645
China,2005,645
China,2006,645
China,2007,645
China,2008,645
China,2009,645
China,2010,645
China,2011,645
China,2012,645
China,2013,645
China,2014,645
China,2015,645
China,2016,645
China,2017,645
Colombia,1985,3240
Colombia,1986,3240
Colombia,1987,3240
Colombia,1989,3240
Colombia,1990,3240
Colombia,1991,3240
Colombia,1992,3240
Colombia,1993,3240
Colombia,1994,3240
Colombia,1995,3240
Colombia,1996,3240
Colombia,1997,3240
Colombia,1998,3240
Colombia,1999,3240
Colombia,2000,3240
Colombia,2001,3240
Colombia,2002,3240
Colombia,2004,3240
Colombia,2005,3240
Colombia,2006,3240
Colombia,2007,3240
Colombia,2008,3240
Colombia,2009,3240
Colombia,2010,3240
Colombia,2011,3240
Colombia,2012,3240
Colombia,2013,3240
Colombia,2014,3240
Colombia,2015,3240
Colombia,2016,3240
Colombia,2017,3240
Comoros,1985,900
Comoros,1986,900
Comoros,1987,900
Comoros,1989,900
Comoros,1990,900
Comoros,1991,900
Comoros,1992,900
Comoros,1993,900
Comoros,1994,900
Comoros,1995,900
Comoros,1996,900
Comoros,1997,900
Comoros,1998,900
Comoros,1999,900
Comoros,2000,900
Comoros,2001,900
Comoros,2002,900
Comoros,2004,900
Comoros,2005,900
Comoros,2006,900
Comoros,2007,900
Comoros,2008,900
Comoros,2009,900
Comoros,2010,900
Comoros,2011,900
Comoros,2012,900
Comoros,2013,900
Comoros,2014,900
Comoros,2015,900
Comoros,2016,900
Comoros,2017,900
Comoros,2017,900
Congo Dem. Rep.,1985,1543 
Congo Dem. Rep.,1986,1543 
Congo Dem. Rep.,1987,1543 
Congo Dem. Rep.,1989,1543 
Congo Dem. Rep.,1990,1543 
Congo Dem. Rep.,1991,1543 
Congo Dem. Rep.,1992,1543 
Congo Dem. Rep.,1993,1543 
Congo Dem. Rep.,1994,1543 
Congo Dem. Rep.,1995,1543 
Congo Dem. Rep.,1996,1543 
Congo Dem. Rep.,1997,1543 
Congo Dem. Rep.,1998,1543 
Congo Dem. Rep.,1999,1543 
Congo Dem. Rep.,2000,1543 
Congo Dem. Rep.,2001,1543 
Congo Dem. Rep.,2002,1543 
Congo Dem. Rep.,2004,1543 
Congo Dem. Rep.,2005,1543 
Congo Dem. Rep.,2006,1543 
Congo Dem. Rep.,2007,1543 
Congo Dem. Rep.,2008,1543 
Congo Dem. Rep.,2009,1543 
Congo Dem. Rep.,2010,1543 
Congo Dem. Rep.,2011,1543 
Congo Dem. Rep.,2012,1543 
Congo Dem. Rep.,2013,1543 
Congo Dem. Rep.,2014,1543 
Congo Dem. Rep.,2015,1543 
Congo Dem. Rep.,2016,1543 
Congo Dem. Rep.,2017,1543 
Congo Rep.,1985,1646 
Congo Rep.,1986,1646 
Congo Rep.,1987,1646 
Congo Rep.,1989,1646 
Congo Rep.,1990,1646 
Congo Rep.,1991,1646 
Congo Rep.,1992,1646 
Congo Rep.,1993,1646 
Congo Rep.,1994,1646 
Congo Rep.,1995,1646 
Congo Rep.,1996,1646 
Congo Rep.,1997,1646 
Congo Rep.,1998,1646 
Congo Rep.,1999,1646 
Congo Rep.,2000,1646 
Congo Rep.,2001,1646 
Congo Rep.,2002,1646 
Congo Rep.,2004,1646 
Congo Rep.,2005,1646 
Congo Rep.,2006,1646 
Congo Rep.,2007,1646 
Congo Rep.,2008,1646 
Congo Rep.,2009,1646 
Congo Rep.,2010,1646 
Congo Rep.,2011,1646 
Congo Rep.,2012,1646 
Congo Rep.,2013,1646 
Congo Rep.,2014,1646 
Congo Rep.,2015,1646 
Congo Rep.,2016,1646 
Congo Rep.,2017,1646 
Costa Rica,1985,2926 
Costa Rica,1986,2926 
Costa Rica,1987,2926 
Costa Rica,1989,2926 
Costa Rica,1990,2926 
Costa Rica,1991,2926 
Costa Rica,1992,2926 
Costa Rica,1993,2926 
Costa Rica,1994,2926 
Costa Rica,1995,2926 
Costa Rica,1996,2926 
Costa Rica,1997,2926 
Costa Rica,1998,2926 
Costa Rica,1999,2926 
Costa Rica,2000,2926 
Costa Rica,2001,2926 
Costa Rica,2002,2926 
Costa Rica,2004,2926 
Costa Rica,2005,2926 
Costa Rica,2006,2926 
Costa Rica,2007,2926 
Costa Rica,2008,2926 
Costa Rica,2009,2926 
Costa Rica,2010,2926 
Costa Rica,2011,2926 
Costa Rica,2012,2926 
Costa Rica,2013,2926 
Costa Rica,2014,2926 
Costa Rica,2015,2926 
Costa Rica,2016,2926 
Costa Rica,2017,2926 
Cote d'Ivoire,1985,1348 
Cote d'Ivoire,1986,1348 
Cote d'Ivoire,1987,1348 
Cote d'Ivoire,1989,1348 
Cote d'Ivoire,1990,1348 
Cote d'Ivoire,1991,1348 
Cote d'Ivoire,1992,1348 
Cote d'Ivoire,1993,1348 
Cote d'Ivoire,1994,1348 
Cote d'Ivoire,1995,1348 
Cote d'Ivoire,1996,1348 
Cote d'Ivoire,1997,1348 
Cote d'Ivoire,1998,1348 
Cote d'Ivoire,1999,1348 
Cote d'Ivoire,2000,1348 
Cote d'Ivoire,2001,1348 
Cote d'Ivoire,2002,1348 
Cote d'Ivoire,2004,1348 
Cote d'Ivoire,2005,1348 
Cote d'Ivoire,2006,1348 
Cote d'Ivoire,2007,1348 
Cote d'Ivoire,2008,1348 
Cote d'Ivoire,2009,1348 
Cote d'Ivoire,2010,1348 
Cote d'Ivoire,2011,1348 
Cote d'Ivoire,2012,1348 
Cote d'Ivoire,2013,1348 
Cote d'Ivoire,2014,1348 
Cote d'Ivoire,2015,1348 
Cote d'Ivoire,2016,1348 
Cote d'Ivoire,2017,1348 
Croatia,1985,1113 
Croatia,1986,1113 
Croatia,1987,1113 
Croatia,1989,1113 
Croatia,1990,1113 
Croatia,1991,1113 
Croatia,1992,1113 
Croatia,1993,1113 
Croatia,1994,1113 
Croatia,1995,1113 
Croatia,1996,1113 
Croatia,1997,1113 
Croatia,1998,1113 
Croatia,1999,1113 
Croatia,2000,1113 
Croatia,2001,1113 
Croatia,2002,1113 
Croatia,2004,1113 
Croatia,2005,1113 
Croatia,2006,1113 
Croatia,2007,1113 
Croatia,2008,1113 
Croatia,2009,1113 
Croatia,2010,1113 
Croatia,2011,1113 
Croatia,2012,1113 
Croatia,2013,1113 
Croatia,2014,1113 
Croatia,2015,1113 
Croatia,2016,1113 
Croatia,2017,1113 
Cuba,1985,1335 
Cuba,1986,1335 
Cuba,1987,1335 
Cuba,1989,1335 
Cuba,1990,1335 
Cuba,1991,1335 
Cuba,1992,1335 
Cuba,1993,1335 
Cuba,1994,1335 
Cuba,1995,1335 
Cuba,1996,1335 
Cuba,1997,1335 
Cuba,1998,1335 
Cuba,1999,1335 
Cuba,2000,1335 
Cuba,2001,1335 
Cuba,2002,1335 
Cuba,2004,1335 
Cuba,2005,1335 
Cuba,2006,1335 
Cuba,2007,1335 
Cuba,2008,1335 
Cuba,2009,1335 
Cuba,2010,1335 
Cuba,2011,1335 
Cuba,2012,1335 
Cuba,2013,1335 
Cuba,2014,1335 
Cuba,2015,1335 
Cuba,2016,1335 
Cuba,2017,1335 
Curacao,1985, 
Curacao,1986, 
Curacao,1987, 
Curacao,1989, 
Curacao,1990, 
Curacao,1991, 
Curacao,1992, 
Curacao,1993, 
Curacao,1994, 
Curacao,1995, 
Curacao,1996, 
Curacao,1997, 
Curacao,1998, 
Curacao,1999, 
Curacao,2000, 
Curacao,2001, 
Curacao,2002, 
Curacao,2004, 
Curacao,2005, 
Curacao,2006, 
Curacao,2007, 
Curacao,2008, 
Curacao,2009, 
Curacao,2010, 
Curacao,2011, 
Curacao,2012, 
Curacao,2013, 
Curacao,2014, 
Curacao,2015, 
Curacao,2016, 
Curacao,2017, 
Cyprus,1985,498 
Cyprus,1986,498 
Cyprus,1987,498 
Cyprus,1989,498 
Cyprus,1990,498 
Cyprus,1991,498 
Cyprus,1992,498 
Cyprus,1993,498 
Cyprus,1994,498 
Cyprus,1995,498 
Cyprus,1996,498 
Cyprus,1997,498 
Cyprus,1998,498 
Cyprus,1999,498 
Cyprus,2000,498 
Cyprus,2001,498 
Cyprus,2002,498 
Cyprus,2004,498 
Cyprus,2005,498 
Cyprus,2006,498 
Cyprus,2007,498 
Cyprus,2008,498 
Cyprus,2009,498 
Cyprus,2010,498 
Cyprus,2011,498 
Cyprus,2012,498 
Cyprus,2013,498 
Cyprus,2014,498 
Cyprus,2015,498 
Cyprus,2016,498 
Cyprus,2017,498 
Czech Republic,1985,677 
Czech Republic,1986,677 
Czech Republic,1987,677 
Czech Republic,1989,677 
Czech Republic,1990,677 
Czech Republic,1991,677 
Czech Republic,1992,677 
Czech Republic,1993,677 
Czech Republic,1994,677 
Czech Republic,1995,677 
Czech Republic,1996,677 
Czech Republic,1997,677 
Czech Republic,1998,677 
Czech Republic,1999,677 
Czech Republic,2000,677 
Czech Republic,2001,677 
Czech Republic,2002,677 
Czech Republic,2004,677 
Czech Republic,2005,677 
Czech Republic,2006,677 
Czech Republic,2007,677 
Czech Republic,2008,677 
Czech Republic,2009,677 
Czech Republic,2010,677 
Czech Republic,2011,677 
Czech Republic,2012,677 
Czech Republic,2013,677 
Czech Republic,2014,677 
Czech Republic,2015,677 
Czech Republic,2016,677 
Czech Republic,2017,677 
Denmark,1985,703 
Denmark,1986,703 
Denmark,1987,703 
Denmark,1989,703 
Denmark,1990,703 
Denmark,1991,703 
Denmark,1992,703 
Denmark,1993,703 
Denmark,1994,703 
Denmark,1995,703 
Denmark,1996,703 
Denmark,1997,703 
Denmark,1998,703 
Denmark,1999,703 
Denmark,2000,703 
Denmark,2001,703 
Denmark,2002,703 
Denmark,2004,703 
Denmark,2005,703 
Denmark,2006,703 
Denmark,2007,703 
Denmark,2008,703 
Denmark,2009,703 
Denmark,2010,703 
Denmark,2011,703 
Denmark,2012,703 
Denmark,2013,703 
Denmark,2014,703 
Denmark,2015,703 
Denmark,2016,703 
Denmark,2017,703 
Djibouti,1985,220 
Djibouti,1986,220
Djibouti,1987,220 
Djibouti,1989,220 
Djibouti,1990,220
Djibouti,1991,220 
Djibouti,1992,220 
Djibouti,1993,220 
Djibouti,1994,220 
Djibouti,1995,220 
Djibouti,1996,220 
Djibouti,1997,220 
Djibouti,1998,220 
Djibouti,1999,220 
Djibouti,2000,220 
Djibouti,2001,220 
Djibouti,2002,220 
Djibouti,2004,220 
Djibouti,2005,220 
Djibouti,2006,220 
Djibouti,2007,220 
Djibouti,2008,220 
Djibouti,2009,220 
Djibouti,2010,220 
Djibouti,2011,220 
Djibouti,2012,220 
Djibouti,2013,220 
Djibouti,2014,220 
Djibouti,2015,220 
Djibouti,2016,220 
Djibouti,2017,220 
Dominica,1985,2083 
Dominica,1986,2083 
Dominica,1987,2083 
Dominica,1989,2083 
Dominica,1990,2083 
Dominica,1991,2083 
Dominica,1992,2083 
Dominica,1993,2083 
Dominica,1994,2083 
Dominica,1995,2083 
Dominica,1996,2083 
Dominica,1997,2083 
Dominica,1998,2083 
Dominica,1999,2083 
Dominica,2000,2083 
Dominica,2001,2083 
Dominica,2002,2083 
Dominica,2004,2083 
Dominica,2005,2083 
Dominica,2006,2083 
Dominica,2007,2083 
Dominica,2008,2083 
Dominica,2009,2083 
Dominica,2010,2083 
Dominica,2011,2083 
Dominica,2012,2083 
Dominica,2013,2083 
Dominica,2014,2083 
Dominica,2015,2083 
Dominica,2016,2083 
Dominica,2017,2083 
Dominican Republic,1985,1410 
Dominican Republic,1986,1410 
Dominican Republic,1987,1410 
Dominican Republic,1989,1410 
Dominican Republic,1990,1410 
Dominican Republic,1991,1410 
Dominican Republic,1992,1410 
Dominican Republic,1993,1410 
Dominican Republic,1994,1410 
Dominican Republic,1995,1410 
Dominican Republic,1996,1410 
Dominican Republic,1997,1410 
Dominican Republic,1998,1410 
Dominican Republic,1999,1410 
Dominican Republic,2000,1410 
Dominican Republic,2001,1410 
Dominican Republic,2002,1410 
Dominican Republic,2004,1410 
Dominican Republic,2005,1410 
Dominican Republic,2006,1410 
Dominican Republic,2007,1410 
Dominican Republic,2008,1410 
Dominican Republic,2009,1410 
Dominican Republic,2010,1410 
Dominican Republic,2011,1410 
Dominican Republic,2012,1410 
Dominican Republic,2013,1410 
Dominican Republic,2014,1410 
Dominican Republic,2015,1410 
Dominican Republic,2016,1410 
Dominican Republic,2017,1410 
Ecuador,1985,2274 
Ecuador,1986,2274 
Ecuador,1987,2274 
Ecuador,1989,2274 
Ecuador,1990,2274 
Ecuador,1991,2274 
Ecuador,1992,2274 
Ecuador,1993,2274 
Ecuador,1994,2274 
Ecuador,1995,2274 
Ecuador,1996,2274 
Ecuador,1997,2274 
Ecuador,1998,2274 
Ecuador,1999,2274 
Ecuador,2000,2274 
Ecuador,2001,2274 
Ecuador,2002,2274 
Ecuador,2004,2274 
Ecuador,2005,2274 
Ecuador,2006,2274 
Ecuador,2007,2274 
Ecuador,2008,2274 
Ecuador,2009,2274 
Ecuador,2010,2274 
Ecuador,2011,2274 
Ecuador,2012,2274 
Ecuador,2013,2274 
Ecuador,2014,2274 
Ecuador,2015,2274 
Ecuador,2016,2274 
Ecuador,2017,2274 
Egypt,1985,51 
Egypt,1986,51 
Egypt,1987,51 
Egypt,1989,51 
Egypt,1990,51 
Egypt,1991,51 
Egypt,1992,51 
Egypt,1993,51 
Egypt,1994,51 
Egypt,1995,51 
Egypt,1996,51 
Egypt,1997,51 
Egypt,1998,51 
Egypt,1999,51 
Egypt,2000,51 
Egypt,2001,51 
Egypt,2002,51 
Egypt,2004,51 
Egypt,2005,51 
Egypt,2006,51
Egypt,2007,51 
Egypt,2008,51 
Egypt,2009,51 
Egypt,2010,51 
Egypt,2011,51 
Egypt,2012,51 
Egypt,2013,51 
Egypt,2014,51 
Egypt,2015,51 
Egypt,2016,51 
Egypt,2017,51 
El Salvador,1985,1784 
El Salvador,1986,1784 
El Salvador,1987,1784 
El Salvador,1989,1784 
El Salvador,1990,1784 
El Salvador,1991,1784 
El Salvador,1992,1784 
El Salvador,1993,1784 
El Salvador,1994,1784 
El Salvador,1995,1784 
El Salvador,1996,1784 
El Salvador,1997,1784 
El Salvador,1998,1784 
El Salvador,1999,1784 
El Salvador,2000,1784 
El Salvador,2001,1784 
El Salvador,2002,1784 
El Salvador,2004,1784 
El Salvador,2005,1784 
El Salvador,2006,1784 
El Salvador,2007,1784 
El Salvador,2008,1784 
El Salvador,2009,1784 
El Salvador,2010,1784 
El Salvador,2011,1784 
El Salvador,2012,1784 
El Salvador,2013,1784 
El Salvador,2014,1784 
El Salvador,2015,1784 
El Salvador,2016,1784 
El Salvador,2017,1784 
Equatorial Guinea,1985,2156 
Equatorial Guinea,1986,2156 
Equatorial Guinea,1987,2156 
Equatorial Guinea,1989,2156 
Equatorial Guinea,1990,2156 
Equatorial Guinea,1991,2156 
Equatorial Guinea,1992,2156 
Equatorial Guinea,1993,2156 
Equatorial Guinea,1994,2156 
Equatorial Guinea,1995,2156 
Equatorial Guinea,1996,2156 
Equatorial Guinea,1997,2156 
Equatorial Guinea,1998,2156 
Equatorial Guinea,1999,2156 
Equatorial Guinea,2000,2156 
Equatorial Guinea,2001,2156 
Equatorial Guinea,2002,2156 
Equatorial Guinea,2004,2156 
Equatorial Guinea,2005,2156 
Equatorial Guinea,2006,2156 
Equatorial Guinea,2007,2156 
Equatorial Guinea,2008,2156 
Equatorial Guinea,2009,2156 
Equatorial Guinea,2010,2156 
Equatorial Guinea,2011,2156 
Equatorial Guinea,2012,2156 
Equatorial Guinea,2013,2156 
Equatorial Guinea,2014,2156 
Equatorial Guinea,2015,2156 
Equatorial Guinea,2016,2156 
Equatorial Guinea,2017,2156 
Eritrea,1985,383 
Eritrea,1986,383 
Eritrea,1987,383 
Eritrea,1989,383 
Eritrea,1990,383 
Eritrea,1991,383 
Eritrea,1992,383 
Eritrea,1993,383 
Eritrea,1994,383 
Eritrea,1995,383 
Eritrea,1996,383 
Eritrea,1997,383 
Eritrea,1998,383 
Eritrea,1999,383 
Eritrea,2000,383 
Eritrea,2001,383 
Eritrea,2002,383 
Eritrea,2004,383 
Eritrea,2005,383 
Eritrea,2006,383 
Eritrea,2007,383 
Eritrea,2008,383 
Eritrea,2009,383 
Eritrea,2010,383 
Eritrea,2011,383 
Eritrea,2012,383 
Eritrea,2013,383 
Eritrea,2014,383 
Eritrea,2015,383 
Eritrea,2016,383 
Eritrea,2017,383 
Estonia,1985,626 
Estonia,1986,626 
Estonia,1987,626 
Estonia,1989,626 
Estonia,1990,626 
Estonia,1991,626 
Estonia,1992,626 
Estonia,1993,626 
Estonia,1994,626 
Estonia,1995,626 
Estonia,1996,626 
Estonia,1997,626 
Estonia,1998,626 
Estonia,1999,626 
Estonia,2000,626 
Estonia,2001,626 
Estonia,2002,626 
Estonia,2004,626 
Estonia,2005,626 
Estonia,2006,626 
Estonia,2007,626 
Estonia,2008,626 
Estonia,2009,626 
Estonia,2010,626 
Estonia,2011,626 
Estonia,2012,626 
Estonia,2013,626 
Estonia,2014,626 
Estonia,2015,626 
Estonia,2016,626 
Estonia,2017,626 
Eswatini,1985,788 
Eswatini,1986,788 
Eswatini,1987,788 
Eswatini,1989,788 
Eswatini,1990,788 
Eswatini,1991,788 
Eswatini,1992,788 
Eswatini,1993,788 
Eswatini,1994,788 
Eswatini,1995,788 
Eswatini,1996,788 
Eswatini,1997,788 
Eswatini,1998,788 
Eswatini,1999,788 
Eswatini,2000,788 
Eswatini,2001,788 
Eswatini,2002,788 
Eswatini,2004,788 
Eswatini,2005,788 
Eswatini,2006,788 
Eswatini,2007,788 
Eswatini,2008,788 
Eswatini,2009,788 
Eswatini,2010,788 
Eswatini,2011,788 
Eswatini,2012,788 
Eswatini,2013,788 
Eswatini,2014,788 
Eswatini,2015,788 
Eswatini,2016,788 
Eswatini,2017,788 
Ethiopia,1985,848 
Ethiopia,1986,848 
Ethiopia,1987,848 
Ethiopia,1989,848 
Ethiopia,1990,848 
Ethiopia,1991,848 
Ethiopia,1992,848 
Ethiopia,1993,848 
Ethiopia,1994,848 
Ethiopia,1995,848 
Ethiopia,1996,848 
Ethiopia,1997,848 
Ethiopia,1998,848 
Ethiopia,1999,848 
Ethiopia,2000,848 
Ethiopia,2001,848 
Ethiopia,2002,848 
Ethiopia,2004,848 
Ethiopia,2005,848 
Ethiopia,2006,848 
Ethiopia,2007,848 
Ethiopia,2008,848 
Ethiopia,2009,848 
Ethiopia,2010,848 
Ethiopia,2011,848 
Ethiopia,2012,848 
Ethiopia,2013,848 
Ethiopia,2014,848 
Ethiopia,2015,848 
Ethiopia,2016,848 
Ethiopia,2017,848 
Faroe Islands,1985, 
Faroe Islands,1986, 
Faroe Islands,1987, 
Faroe Islands,1989, 
Faroe Islands,1990, 
Faroe Islands,1991, 
Faroe Islands,1992, 
Faroe Islands,1993, 
Faroe Islands,1994, 
Faroe Islands,1995, 
Faroe Islands,1996, 
Faroe Islands,1997, 
Faroe Islands,1998, 
Faroe Islands,1999, 
Faroe Islands,2000, 
Faroe Islands,2001, 
Faroe Islands,2002, 
Faroe Islands,2004, 
Faroe Islands,2005, 
Faroe Islands,2006, 
Faroe Islands,2007, 
Faroe Islands,2008, 
Faroe Islands,2009, 
Faroe Islands,2010, 
Faroe Islands,2011, 
Faroe Islands,2012, 
Faroe Islands,2013, 
Faroe Islands,2014, 
Faroe Islands,2015, 
Faroe Islands,2016, 
Faroe Islands,2017, 
Fiji,1985,2592 
Fiji,1986,2592 
Fiji,1987,2592 
Fiji,1989,2592 
Fiji,1990,2592 
Fiji,1991,2592 
Fiji,1992,2592 
Fiji,1993,2592 
Fiji,1994,2592 
Fiji,1995,2592 
Fiji,1996,2592 
Fiji,1997,2592 
Fiji,1998,2592 
Fiji,1999,2592 
Fiji,2000,2592 
Fiji,2001,2592 
Fiji,2002,2592 
Fiji,2004,2592 
Fiji,2005,2592 
Fiji,2006,2592 
Fiji,2007,2592 
Fiji,2008,2592 
Fiji,2009,2592 
Fiji,2010,2592 
Fiji,2011,2592 
Fiji,2012,2592 
Fiji,2013,2592 
Fiji,2014,2592 
Fiji,2015,2592 
Fiji,2016,2592 
Fiji,2017,2592 
Finland,1985,536 
Finland,1986,536 
Finland,1987,536 
Finland,1989,536 
Finland,1990,536 
Finland,1991,536 
Finland,1992,536 
Finland,1993,536 
Finland,1994,536 
Finland,1995,536 
Finland,1996,536 
Finland,1997,536 
Finland,1998,536 
Finland,1999,536 
Finland,2000,536 
Finland,2001,536 
Finland,2002,536 
Finland,2004,536 
Finland,2005,536 
Finland,2006,536 
Finland,2007,536 
Finland,2008,536 
Finland,2009,536 
Finland,2010,536 
Finland,2011,536 
Finland,2012,536 
Finland,2013,536 
Finland,2014,536 
Finland,2015,536 
Finland,2016,536 
Finland,2017,536 
France,1985,867 
France,1986,867 
France,1987,867 
France,1989,867 
France,1990,867 
France,1991,867 
France,1992,867 
France,1993,867 
France,1994,867 
France,1995,867 
France,1996,867 
France,1997,867 
France,1998,867 
France,1999,867 
France,2000,867 
France,2001,867 
France,2002,867 
France,2004,867 
France,2005,867 
France,2006,867 
France,2007,867 
France,2008,867 
France,2009,867 
France,2010,867 
France,2011,867 
France,2012,867 
France,2013,867 
France,2014,867 
France,2015,867 
France,2016,867 
France,2017,867
Gabon,1985,1831 
Gabon,1986,1831 
Gabon,1987,1831 
Gabon,1989,1831 
Gabon,1990,1831 
Gabon,1991,1831 
Gabon,1992,1831 
Gabon,1993,1831 
Gabon,1994,1831 
Gabon,1995,1831 
Gabon,1996,1831 
Gabon,1997,1831 
Gabon,1998,1831 
Gabon,1999,1831 
Gabon,2000,1831 
Gabon,2001,1831 
Gabon,2002,1831 
Gabon,2004,1831 
Gabon,2005,1831 
Gabon,2006,1831 
Gabon,2007,1831 
Gabon,2008,1831 
Gabon,2009,1831 
Gabon,2010,1831 
Gabon,2011,1831 
Gabon,2012,1831 
Gabon,2013,1831 
Gabon,2014,1831 
Gabon,2015,1831 
Gabon,2016,1831 
Gabon,2017,1831 
Gambia,1985,836 
Gambia,1986,836 
Gambia,1987,836 
Gambia,1989,836 
Gambia,1990,836 
Gambia,1991,836 
Gambia,1992,836 
Gambia,1993,836 
Gambia,1994,836 
Gambia,1995,836 
Gambia,1996,836 
Gambia,1997,836 
Gambia,1998,836 
Gambia,1999,836 
Gambia,2000,836 
Gambia,2001,836 
Gambia,2002,836 
Gambia,2004,836 
Gambia,2005,836 
Gambia,2006,836 
Gambia,2007,836 
Gambia,2008,836 
Gambia,2009,836 
Gambia,2010,836 
Gambia,2011,836 
Gambia,2012,836 
Gambia,2013,836 
Gambia,2014,836 
Gambia,2015,836 
Gambia,2016,836 
Gambia,2017,836 
Georgia,1985,1026 
Georgia,1986,1026 
Georgia,1987,1026 
Georgia,1989,1026 
Georgia,1990,1026 
Georgia,1991,1026 
Georgia,1992,1026 
Georgia,1993,1026 
Georgia,1994,1026 
Georgia,1995,1026 
Georgia,1996,1026 
Georgia,1997,1026 
Georgia,1998,1026 
Georgia,1999,1026 
Georgia,2000,1026 
Georgia,2001,1026 
Georgia,2002,1026 
Georgia,2004,1026 
Georgia,2005,1026 
Georgia,2006,1026 
Georgia,2007,1026 
Georgia,2008,1026 
Georgia,2009,1026 
Georgia,2010,1026 
Georgia,2011,1026 
Georgia,2012,1026 
Georgia,2013,1026 
Georgia,2014,1026 
Georgia,2015,1026 
Georgia,2016,1026 
Georgia,2017,1026 
Germany,1985,700 
Germany,1986,700 
Germany,1987,700 
Germany,1989,700 
Germany,1990,700 
Germany,1991,700 
Germany,1992,700 
Germany,1993,700 
Germany,1994,700 
Germany,1995,700 
Germany,1996,700 
Germany,1997,700 
Germany,1998,700 
Germany,1999,700 
Germany,2000,700 
Germany,2001,700 
Germany,2002,700 
Germany,2004,700 
Germany,2005,700 
Germany,2006,700 
Germany,2007,700 
Germany,2008,700 
Germany,2009,700 
Germany,2010,700 
Germany,2011,700 
Germany,2012,700 
Germany,2013,700 
Germany,2014,700 
Germany,2015,700 
Germany,2016,700 
Germany,2017,700 
Ghana,1985,1187 
Ghana,1986,1187 
Ghana,1987,1187 
Ghana,1989,1187 
Ghana,1990,1187 
Ghana,1991,1187 
Ghana,1992,1187 
Ghana,1993,1187 
Ghana,1994,1187 
Ghana,1995,1187 
Ghana,1996,1187 
Ghana,1997,1187 
Ghana,1998,1187 
Ghana,1999,1187 
Ghana,2000,1187 
Ghana,2001,1187 
Ghana,2002,1187 
Ghana,2004,1187 
Ghana,2005,1187 
Ghana,2006,1187 
Ghana,2007,1187 
Ghana,2008,1187 
Ghana,2009,1187 
Ghana,2010,1187 
Ghana,2011,1187 
Ghana,2012,1187 
Ghana,2013,1187 
Ghana,2014,1187 
Ghana,2015,1187 
Ghana,2016,1187 
Ghana,2017,1187 
Greece,1985,652 
Greece,1986,652 
Greece,1987,652 
Greece,1989,652 
Greece,1990,652 
Greece,1991,652 
Greece,1992,652 
Greece,1993,652 
Greece,1994,652 
Greece,1995,652 
Greece,1996,652 
Greece,1997,652 
Greece,1998,652 
Greece,1999,652 
Greece,2000,652 
Greece,2001,652 
Greece,2002,652 
Greece,2004,652 
Greece,2005,652 
Greece,2006,652 
Greece,2007,652 
Greece,2008,652 
Greece,2009,652 
Greece,2010,652 
Greece,2011,652 
Greece,2012,652 
Greece,2013,652 
Greece,2014,652 
Greece,2015,652 
Greece,2016,652 
Greece,2017,652 
Greenland,1985, 
Greenland,1986, 
Greenland,1987, 
Greenland,1989, 
Greenland,1990, 
Greenland,1991, 
Greenland,1992, 
Greenland,1993, 
Greenland,1994, 
Greenland,1995, 
Greenland,1996, 
Greenland,1997, 
Greenland,1998, 
Greenland,1999, 
Greenland,2000, 
Greenland,2001, 
Greenland,2002, 
Greenland,2004, 
Greenland,2005, 
Greenland,2006, 
Greenland,2007, 
Greenland,2008, 
Greenland,2009, 
Greenland,2010, 
Greenland,2011, 
Greenland,2012, 
Greenland,2013, 
Greenland,2014, 
Greenland,2015, 
Greenland,2016, 
Greenland,2017, 
Grenada,1985,2350 
Grenada,1986,2350 
Grenada,1987,2350 
Grenada,1989,2350 
Grenada,1990,2350 
Grenada,1991,2350 
Grenada,1992,2350 
Grenada,1993,2350 
Grenada,1994,2350 
Grenada,1995,2350 
Grenada,1996,2350 
Grenada,1997,2350 
Grenada,1998,2350 
Grenada,1999,2350 
Grenada,2000,2350 
Grenada,2001,2350 
Grenada,2002,2350 
Grenada,2004,2350 
Grenada,2005,2350 
Grenada,2006,2350 
Grenada,2007,2350 
Grenada,2008,2350 
Grenada,2009,2350 
Grenada,2010,2350 
Grenada,2011,2350 
Grenada,2012,2350 
Grenada,2013,2350 
Grenada,2014,2350 
Grenada,2015,2350 
Grenada,2016,2350 
Grenada,2017,2350 
Guam,1985, 
Guam,1986, 
Guam,1987, 
Guam,1989, 
Guam,1990, 
Guam,1991, 
Guam,1992, 
Guam,1993, 
Guam,1994, 
Guam,1995, 
Guam,1996, 
Guam,1997, 
Guam,1998, 
Guam,1999, 
Guam,2000, 
Guam,2001, 
Guam,2002, 
Guam,2004, 
Guam,2005, 
Guam,2006, 
Guam,2007, 
Guam,2008, 
Guam,2009, 
Guam,2010, 
Guam,2011, 
Guam,2012, 
Guam,2013, 
Guam,2014, 
Guam,2015, 
Guam,2016, 
Guam,2017, 
Guatemala,1985,1996 
Guatemala,1986,1996 
Guatemala,1987,1996 
Guatemala,1989,1996 
Guatemala,1990,1996 
Guatemala,1991,1996 
Guatemala,1992,1996 
Guatemala,1993,1996 
Guatemala,1994,1996 
Guatemala,1995,1996 
Guatemala,1996,1996 
Guatemala,1997,1996 
Guatemala,1998,1996 
Guatemala,1999,1996 
Guatemala,2000,1996 
Guatemala,2001,1996 
Guatemala,2002,1996 
Guatemala,2004,1996 
Guatemala,2005,1996 
Guatemala,2006,1996 
Guatemala,2007,1996 
Guatemala,2008,1996 
Guatemala,2009,1996 
Guatemala,2010,1996 
Guatemala,2011,1996 
Guatemala,2012,1996 
Guatemala,2013,1996 
Guatemala,2014,1996 
Guatemala,2015,1996 
Guatemala,2016,1996 
Guatemala,2017,1996 
Guinea,1985,1651 
Guinea,1986,1651 
Guinea,1987,1651 
Guinea,1989,1651 
Guinea,1990,1651 
Guinea,1991,1651 
Guinea,1992,1651 
Guinea,1993,1651 
Guinea,1994,1651 
Guinea,1995,1651 
Guinea,1996,1651 
Guinea,1997,1651 
Guinea,1998,1651 
Guinea,1999,1651 
Guinea,2000,1651 
Guinea,2001,1651 
Guinea,2002,1651 
Guinea,2004,1651 
Guinea,2005,1651 
Guinea,2006,1651 
Guinea,2007,1651 
Guinea,2008,1651 
Guinea,2009,1651 
Guinea,2010,1651 
Guinea,2011,1651 
Guinea,2012,1651 
Guinea,2013,1651 
Guinea,2014,1651 
Guinea,2015,1651 
Guinea,2016,1651 
Guinea,2017,1651 
Guinea-Bissau,1985,1577 
Guinea-Bissau,1986,1577 
Guinea-Bissau,1987,1577 
Guinea-Bissau,1989,1577 
Guinea-Bissau,1990,1577 
Guinea-Bissau,1991,1577 
Guinea-Bissau,1992,1577 
Guinea-Bissau,1993,1577 
Guinea-Bissau,1994,1577 
Guinea-Bissau,1995,1577 
Guinea-Bissau,1996,1577 
Guinea-Bissau,1997,1577 
Guinea-Bissau,1998,1577 
Guinea-Bissau,1999,1577 
Guinea-Bissau,2000,1577 
Guinea-Bissau,2001,1577 
Guinea-Bissau,2002,1577 
Guinea-Bissau,2004,1577 
Guinea-Bissau,2005,1577 
Guinea-Bissau,2006,1577 
Guinea-Bissau,2007,1577 
Guinea-Bissau,2008,1577 
Guinea-Bissau,2009,1577 
Guinea-Bissau,2010,1577 
Guinea-Bissau,2011,1577 
Guinea-Bissau,2012,1577 
Guinea-Bissau,2013,1577 
Guinea-Bissau,2014,1577 
Guinea-Bissau,2015,1577 
Guinea-Bissau,2016,1577 
Guinea-Bissau,2017,1577 
Guyana,1985,2387 
Guyana,1986,2387 
Guyana,1987,2387 
Guyana,1989,2387 
Guyana,1990,2387 
Guyana,1991,2387 
Guyana,1992,2387 
Guyana,1993,2387 
Guyana,1994,2387 
Guyana,1995,2387 
Guyana,1996,2387 
Guyana,1997,2387 
Guyana,1998,2387 
Guyana,1999,2387 
Guyana,2000,2387 
Guyana,2001,2387 
Guyana,2002,2387 
Guyana,2004,2387 
Guyana,2005,2387 
Guyana,2006,2387 
Guyana,2007,2387 
Guyana,2008,2387 
Guyana,2009,2387 
Guyana,2010,2387 
Guyana,2011,2387 
Guyana,2012,2387 
Guyana,2013,2387 
Guyana,2014,2387 
Guyana,2015,2387 
Guyana,2016,2387 
Guyana,2017,2387 
Haiti,1985,1440 
Haiti,1986,1440 
Haiti,1987,1440 
Haiti,1989,1440 
Haiti,1990,1440 
Haiti,1991,1440 
Haiti,1992,1440 
Haiti,1993,1440 
Haiti,1994,1440 
Haiti,1995,1440 
Haiti,1996,1440 
Haiti,1997,1440 
Haiti,1998,1440 
Haiti,1999,1440 
Haiti,2000,1440 
Haiti,2001,1440 
Haiti,2002,1440 
Haiti,2004,1440 
Haiti,2005,1440 
Haiti,2006,1440 
Haiti,2007,1440 
Haiti,2008,1440 
Haiti,2009,1440 
Haiti,2010,1440 
Haiti,2011,1440 
Haiti,2012,1440 
Haiti,2013,1440 
Haiti,2014,1440 
Haiti,2015,1440 
Haiti,2016,1440 
Haiti,2017,1440 
Honduras,1985,1976 
Honduras,1986,1976 
Honduras,1987,1976 
Honduras,1989,1976 
Honduras,1990,1976 
Honduras,1991,1976 
Honduras,1992,1976 
Honduras,1993,1976 
Honduras,1994,1976 
Honduras,1995,1976 
Honduras,1996,1976 
Honduras,1997,1976 
Honduras,1998,1976 
Honduras,1999,1976 
Honduras,2000,1976 
Honduras,2001,1976 
Honduras,2002,1976 
Honduras,2004,1976 
Honduras,2005,1976 
Honduras,2006,1976 
Honduras,2007,1976 
Honduras,2008,1976 
Honduras,2009,1976 
Honduras,2010,1976 
Honduras,2011,1976 
Honduras,2012,1976 
Honduras,2013,1976 
Honduras,2014,1976 
Honduras,2015,1976 
Honduras,2016,1976 
Honduras,2017,1976 
China Hong Kong SAR,1985, 
China Hong Kong SAR,1986, 
China Hong Kong SAR,1987, 
China Hong Kong SAR,1989, 
China Hong Kong SAR,1990, 
China Hong Kong SAR,1991, 
China Hong Kong SAR,1992, 
China Hong Kong SAR,1993, 
China Hong Kong SAR,1994, 
China Hong Kong SAR,1995, 
China Hong Kong SAR,1996, 
China Hong Kong SAR,1997, 
China Hong Kong SAR,1998, 
China Hong Kong SAR,1999, 
China Hong Kong SAR,2000, 
China Hong Kong SAR,2001, 
China Hong Kong SAR,2002, 
China Hong Kong SAR,2004, 
China Hong Kong SAR,2005, 
China Hong Kong SAR,2006, 
China Hong Kong SAR,2007, 
China Hong Kong SAR,2008, 
China Hong Kong SAR,2009, 
China Hong Kong SAR,2010, 
China Hong Kong SAR,2011, 
China Hong Kong SAR,2012, 
China Hong Kong SAR,2013, 
China Hong Kong SAR,2014, 
China Hong Kong SAR,2015, 
China Hong Kong SAR,2016, 
China Hong Kong SAR,2017, 
Hungary,1985,589 
Hungary,1986,589 
Hungary,1987,589 
Hungary,1989,589 
Hungary,1990,589 
Hungary,1991,589 
Hungary,1992,589 
Hungary,1993,589 
Hungary,1994,589 
Hungary,1995,589 
Hungary,1996,589 
Hungary,1997,589 
Hungary,1998,589 
Hungary,1999,589 
Hungary,2000,589 
Hungary,2001,589 
Hungary,2002,589 
Hungary,2004,589 
Hungary,2005,589 
Hungary,2006,589 
Hungary,2007,589 
Hungary,2008,589 
Hungary,2009,589 
Hungary,2010,589 
Hungary,2011,589 
Hungary,2012,589 
Hungary,2013,589 
Hungary,2014,589 
Hungary,2015,589 
Hungary,2016,589 
Hungary,2017,589 
Iceland,1985,1940
Iceland,1986,1940 
Iceland,1987,1940 
Iceland,1989,1940 
Iceland,1990,1940 
Iceland,1991,1940 
Iceland,1992,1940 
Iceland,1993,1940 
Iceland,1994,1940 
Iceland,1995,1940 
Iceland,1996,1940 
Iceland,1997,1940 
Iceland,1998,1940 
Iceland,1999,1940 
Iceland,2000,1940 
Iceland,2001,1940 
Iceland,2002,1940 
Iceland,2004,1940 
Iceland,2005,1940 
Iceland,2006,1940 
Iceland,2007,1940 
Iceland,2008,1940 
Iceland,2009,1940 
Iceland,2010,1940 
Iceland,2011,1940 
Iceland,2012,1940 
Iceland,2013,1940 
Iceland,2014,1940 
Iceland,2015,1940 
Iceland,2016,1940 
Iceland,2017,1940 
India,1985,1940 
India,1986,1083 
India,1987,1083 
India,1989,1083 
India,1990,1083 
India,1991,1083 
India,1992,1083 
India,1993,1083 
India,1994,1083 
India,1995,1083 
India,1996,1083 
India,1997,1083 
India,1998,1083 
India,1999,1083 
India,2000,1083 
India,2001,1083 
India,2002,1083 
India,2004,1083 
India,2005,1083 
India,2006,1083 
India,2007,1083 
India,2008,1083 
India,2009,1083 
India,2010,1083 
India,2011,1083 
India,2012,1083 
India,2013,1083 
India,2014,1083 
India,2015,1083 
India,2016,1083 
India,2017,1083 
Indonesia,1985,2702 
Indonesia,1986,2702 
Indonesia,1987,2702 
Indonesia,1989,2702 
Indonesia,1990,2702 
Indonesia,1991,2702 
Indonesia,1992,2702 
Indonesia,1993,2702 
Indonesia,1994,2702 
Indonesia,1995,2702 
Indonesia,1996,2702 
Indonesia,1997,2702 
Indonesia,1998,2702 
Indonesia,1999,2702 
Indonesia,2000,2702 
Indonesia,2001,2702 
Indonesia,2002,2702 
Indonesia,2004,2702 
Indonesia,2005,2702 
Indonesia,2006,2702 
Indonesia,2007,2702 
Indonesia,2008,2702 
Indonesia,2009,2702 
Indonesia,2010,2702 
Indonesia,2011,2702 
Indonesia,2012,2702 
Indonesia,2013,2702 
Indonesia,2014,2702 
Indonesia,2015,2702 
Indonesia,2016,2702 
Indonesia,2017,2702 
Iran,1985,228 
Iran,1986,228 
Iran,1987,228 
Iran,1989,228 
Iran,1990,228 
Iran,1991,228 
Iran,1992,228 
Iran,1993,228 
Iran,1994,228 
Iran,1995,228 
Iran,1996,228 
Iran,1997,228 
Iran,1998,228 
Iran,1999,228 
Iran,2000,228 
Iran,2001,228 
Iran,2002,228 
Iran,2004,228 
Iran,2005,228 
Iran,2006,228 
Iran,2007,228 
Iran,2008,228 
Iran,2009,228 
Iran,2010,228 
Iran,2011,228 
Iran,2012,228 
Iran,2013,228 
Iran,2014,228 
Iran,2015,228 
Iran,2016,228 
Iran,2017,228 
Iraq,1985,216 
Iraq,1986,216 
Iraq,1987,216 
Iraq,1989,216 
Iraq,1990,216 
Iraq,1991,216 
Iraq,1992,216 
Iraq,1993,216 
Iraq,1994,216 
Iraq,1995,216 
Iraq,1996,216 
Iraq,1997,216 
Iraq,1998,216 
Iraq,1999,216 
Iraq,2000,216 
Iraq,2001,216 
Iraq,2002,216 
Iraq,2004,216 
Iraq,2005,216 
Iraq,2006,216 
Iraq,2007,216 
Iraq,2008,216 
Iraq,2009,216 
Iraq,2010,216 
Iraq,2011,216 
Iraq,2012,216 
Iraq,2013,216 
Iraq,2014,216 
Iraq,2015,216 
Iraq,2016,216 
Iraq,2017,216 
Ireland,1985,1118 
Ireland,1986,1118 
Ireland,1987,1118 
Ireland,1989,1118 
Ireland,1990,1118 
Ireland,1991,1118 
Ireland,1992,1118 
Ireland,1993,1118 
Ireland,1994,1118 
Ireland,1995,1118 
Ireland,1996,1118 
Ireland,1997,1118 
Ireland,1998,1118 
Ireland,1999,1118 
Ireland,2000,1118 
Ireland,2001,1118 
Ireland,2002,1118 
Ireland,2004,1118 
Ireland,2005,1118 
Ireland,2006,1118 
Ireland,2007,1118 
Ireland,2008,1118 
Ireland,2009,1118 
Ireland,2010,1118 
Ireland,2011,1118 
Ireland,2012,1118 
Ireland,2013,1118 
Ireland,2014,1118 
Ireland,2015,1118 
Ireland,2016,1118 
Ireland,2017,1118 
Isle of Man,1985, 
Isle of Man,1986, 
Isle of Man,1987, 
Isle of Man,1989, 
Isle of Man,1990, 
Isle of Man,1991, 
Isle of Man,1992, 
Isle of Man,1993, 
Isle of Man,1994, 
Isle of Man,1995, 
Isle of Man,1996, 
Isle of Man,1997, 
Isle of Man,1998, 
Isle of Man,1999, 
Isle of Man,2000, 
Isle of Man,2001, 
Isle of Man,2002, 
Isle of Man,2004, 
Isle of Man,2005, 
Isle of Man,2006, 
Isle of Man,2007, 
Isle of Man,2008, 
Isle of Man,2009, 
Isle of Man,2010, 
Isle of Man,2011, 
Isle of Man,2012, 
Isle of Man,2013, 
Isle of Man,2014, 
Isle of Man,2015, 
Isle of Man,2016, 
Isle of Man,2017, 
Israel,1985,435 
Israel,1986,435 
Israel,1987,435 
Israel,1989,435 
Israel,1990,435 
Israel,1991,435 
Israel,1992,435 
Israel,1993,435 
Israel,1994,435 
Israel,1995,435 
Israel,1996,435 
Israel,1997,435 
Israel,1998,435 
Israel,1999,435 
Israel,2000,435 
Israel,2001,435 
Israel,2002,435 
Israel,2004,435 
Israel,2005,435 
Israel,2006,435 
Israel,2007,435 
Israel,2008,435 
Israel,2009,435 
Israel,2010,435 
Israel,2011,435 
Israel,2012,435 
Israel,2013,435 
Israel,2014,435 
Israel,2015,435 
Israel,2016,435 
Israel,2017,435 
Italy,1985,832 
Italy,1986,832 
Italy,1987,832 
Italy,1989,832 
Italy,1990,832 
Italy,1991,832 
Italy,1992,832 
Italy,1993,832 
Italy,1994,832 
Italy,1995,832 
Italy,1996,832 
Italy,1997,832 
Italy,1998,832 
Italy,1999,832 
Italy,2000,832 
Italy,2001,832 
Italy,2002,832 
Italy,2004,832 
Italy,2005,832 
Italy,2006,832 
Italy,2007,832 
Italy,2008,832 
Italy,2009,832 
Italy,2010,832 
Italy,2011,832 
Italy,2012,832 
Italy,2013,832 
Italy,2014,832 
Italy,2015,832 
Italy,2016,832 
Italy,2017,832 
Jamaica,1985,2051 
Jamaica,1986,2051 
Jamaica,1987,2051 
Jamaica,1989,2051 
Jamaica,1990,2051 
Jamaica,1991,2051 
Jamaica,1992,2051 
Jamaica,1993,2051 
Jamaica,1994,2051 
Jamaica,1995,2051 
Jamaica,1996,2051 
Jamaica,1997,2051 
Jamaica,1998,2051 
Jamaica,1999,2051 
Jamaica,2000,2051 
Jamaica,2001,2051 
Jamaica,2002,2051 
Jamaica,2004,2051 
Jamaica,2005,2051 
Jamaica,2006,2051 
Jamaica,2007,2051 
Jamaica,2008,2051 
Jamaica,2009,2051 
Jamaica,2010,2051 
Jamaica,2011,2051 
Jamaica,2012,2051 
Jamaica,2013,2051 
Jamaica,2014,2051 
Jamaica,2015,2051 
Jamaica,2016,2051 
Jamaica,2017,2051 
Japan,1985,1668 
Japan,1986,1668 
Japan,1987,1668 
Japan,1989,1668 
Japan,1990,1668 
Japan,1991,1668 
Japan,1992,1668 
Japan,1993,1668 
Japan,1994,1668 
Japan,1995,1668 
Japan,1996,1668 
Japan,1997,1668 
Japan,1998,1668 
Japan,1999,1668 
Japan,2000,1668 
Japan,2001,1668 
Japan,2002,1668 
Japan,2004,1668 
Japan,2005,1668 
Japan,2006,1668 
Japan,2007,1668 
Japan,2008,1668 
Japan,2009,1668 
Japan,2010,1668 
Japan,2011,1668 
Japan,2012,1668 
Japan,2013,1668 
Japan,2014,1668 
Japan,2015,1668 
Japan,2016,1668 
Japan,2017,1668 
Jordan,1985,111 
Jordan,1986,111 
Jordan,1987,111 
Jordan,1989,111 
Jordan,1990,111 
Jordan,1991,111 
Jordan,1992,111 
Jordan,1993,111 
Jordan,1994,111 
Jordan,1995,111 
Jordan,1996,111 
Jordan,1997,111 
Jordan,1998,111 
Jordan,1999,111 
Jordan,2000,111 
Jordan,2001,111 
Jordan,2002,111 
Jordan,2004,111 
Jordan,2005,111 
Jordan,2006,111 
Jordan,2007,111 
Jordan,2008,111 
Jordan,2009,111 
Jordan,2010,111 
Jordan,2011,111 
Jordan,2012,111 
Jordan,2013,111 
Jordan,2014,111 
Jordan,2015,111 
Jordan,2016,111 
Jordan,2017,111 
Kazakhstan,1985,250 
Kazakhstan,1986,250 
Kazakhstan,1987,250 
Kazakhstan,1989,250 
Kazakhstan,1990,250 
Kazakhstan,1991,250 
Kazakhstan,1992,250 
Kazakhstan,1993,250 
Kazakhstan,1994,250 
Kazakhstan,1995,250 
Kazakhstan,1996,250 
Kazakhstan,1997,250 
Kazakhstan,1998,250 
Kazakhstan,1999,250 
Kazakhstan,2000,250 
Kazakhstan,2001,250 
Kazakhstan,2002,250 
Kazakhstan,2004,250 
Kazakhstan,2005,250 
Kazakhstan,2006,250 
Kazakhstan,2007,250 
Kazakhstan,2008,250 
Kazakhstan,2009,250 
Kazakhstan,2010,250 
Kazakhstan,2011,250 
Kazakhstan,2012,250 
Kazakhstan,2013,250 
Kazakhstan,2014,250 
Kazakhstan,2015,250 
Kazakhstan,2016,250 
Kazakhstan,2017,250 
Kenya,1985,630 
Kenya,1986,630 
Kenya,1987,630 
Kenya,1989,630 
Kenya,1990,630 
Kenya,1991,630 
Kenya,1992,630 
Kenya,1993,630 
Kenya,1994,630 
Kenya,1995,630 
Kenya,1996,630 
Kenya,1997,630 
Kenya,1998,630 
Kenya,1999,630 
Kenya,2000,630 
Kenya,2001,630 
Kenya,2002,630 
Kenya,2004,630 
Kenya,2005,630 
Kenya,2006,630 
Kenya,2007,630 
Kenya,2008,630 
Kenya,2009,630 
Kenya,2010,630 
Kenya,2011,630 
Kenya,2012,630 
Kenya,2013,630 
Kenya,2014,630 
Kenya,2015,630 
Kenya,2016,630 
Kenya,2017,630 
Kiribati,1985,630 
Kiribati,1986,630 
Kiribati,1987,630 
Kiribati,1989,630 
Kiribati,1990,630 
Kiribati,1991,630 
Kiribati,1992,630 
Kiribati,1993,630 
Kiribati,1994,630 
Kiribati,1995,630 
Kiribati,1996,630 
Kiribati,1997,630 
Kiribati,1998,630 
Kiribati,1999,630 
Kiribati,2000,630 
Kiribati,2001,630 
Kiribati,2002,630 
Kiribati,2004,630 
Kiribati,2005,630 
Kiribati,2006,630 
Kiribati,2007,630 
Kiribati,2008,630 
Kiribati,2009,630 
Kiribati,2010,630 
Kiribati,2011,630 
Kiribati,2012,630 
Kiribati,2013,630 
Kiribati,2014,630 
Kiribati,2015,630 
Kiribati,2016,630 
Kiribati,2017,630 
North Korea,1985,1054 
North Korea,1986,1054 
North Korea,1987,1054 
North Korea,1989,1054 
North Korea,1990,1054 
North Korea,1991,1054 
North Korea,1992,1054 
North Korea,1993,1054 
North Korea,1994,1054 
North Korea,1995,1054 
North Korea,1996,1054 
North Korea,1997,1054 
North Korea,1998,1054 
North Korea,1999,1054 
North Korea,2000,1054 
North Korea,2001,1054 
North Korea,2002,1054 
North Korea,2004,1054 
North Korea,2005,1054 
North Korea,2006,1054 
North Korea,2007,1054 
North Korea,2008,1054 
North Korea,2009,1054 
North Korea,2010,1054 
North Korea,2011,1054 
North Korea,2012,1054 
North Korea,2013,1054 
North Korea,2014,1054 
North Korea,2015,1054 
North Korea,2016,1054 
North Korea,2017,1054 
South Korea ,1985,1274 
South Korea ,1986,1274 
South Korea ,1987,1274 
South Korea ,1989,1274 
South Korea ,1990,1274 
South Korea ,1991,1274 
South Korea ,1992,1274 
South Korea ,1993,1274 
South Korea ,1994,1274 
South Korea ,1995,1274 
South Korea ,1996,1274 
South Korea ,1997,1274 
South Korea ,1998,1274 
South Korea ,1999,1274 
South Korea ,2000,1274 
South Korea ,2001,1274 
South Korea ,2002,1274 
South Korea ,2004,1274 
South Korea ,2005,1274 
South Korea ,2006,1274 
South Korea ,2007,1274 
South Korea ,2008,1274 
South Korea ,2009,1274 
South Korea ,2010,1274 
South Korea ,2011,1274 
South Korea ,2012,1274 
South Korea ,2013,1274 
South Korea ,2014,1274 
South Korea ,2015,1274 
South Korea ,2016,1274 
South Korea ,2017,1274 
Kosovo,1985, 
Kosovo,1986, 
Kosovo,1987, 
Kosovo,1989, 
Kosovo,1990, 
Kosovo,1991, 
Kosovo,1992, 
Kosovo,1993, 
Kosovo,1994, 
Kosovo,1995, 
Kosovo,1996, 
Kosovo,1997, 
Kosovo,1998, 
Kosovo,1999, 
Kosovo,2000, 
Kosovo,2001, 
Kosovo,2002, 
Kosovo,2004, 
Kosovo,2005, 
Kosovo,2006, 
Kosovo,2007, 
Kosovo,2008, 
Kosovo,2009, 
Kosovo,2010, 
Kosovo,2011, 
Kosovo,2012, 
Kosovo,2013, 
Kosovo,2014, 
Kosovo,2015, 
Kosovo,2016, 
Kosovo,2017, 
Kuwait,1985,121 
Kuwait,1986,121
Kuwait,1987,121 
Kuwait,1989,121 
Kuwait,1990,121 
Kuwait,1991,121 
Kuwait,1992,121 
Kuwait,1993,121 
Kuwait,1994,121 
Kuwait,1995,121 
Kuwait,1996,121 
Kuwait,1997,121 
Kuwait,1998,121 
Kuwait,1999,121 
Kuwait,2000,121 
Kuwait,2001,121 
Kuwait,2002,121 
Kuwait,2004,121 
Kuwait,2005,121 
Kuwait,2006,121 
Kuwait,2007,121 
Kuwait,2008,121 
Kuwait,2009,121 
Kuwait,2010,121 
Kuwait,2011,121 
Kuwait,2012,121 
Kuwait,2013,121 
Kuwait,2014,121 
Kuwait,2015,121 
Kuwait,2016,121 
Kuwait,2017,121 
Kyrgyz Republic,1985,533 
Kyrgyz Republic,1986,533 
Kyrgyz Republic,1987,533 
Kyrgyz Republic,1989,533 
Kyrgyz Republic,1990,533 
Kyrgyz Republic,1991,533 
Kyrgyz Republic,1992,533 
Kyrgyz Republic,1993,533 
Kyrgyz Republic,1994,533 
Kyrgyz Republic,1995,533 
Kyrgyz Republic,1996,533 
Kyrgyz Republic,1997,533 
Kyrgyz Republic,1998,533 
Kyrgyz Republic,1999,533 
Kyrgyz Republic,2000,533 
Kyrgyz Republic,2001,533 
Kyrgyz Republic,2002,533 
Kyrgyz Republic,2004,533 
Kyrgyz Republic,2005,533 
Kyrgyz Republic,2006,533 
Kyrgyz Republic,2007,533 
Kyrgyz Republic,2008,533 
Kyrgyz Republic,2009,533 
Kyrgyz Republic,2010,533 
Kyrgyz Republic,2011,533 
Kyrgyz Republic,2012,533 
Kyrgyz Republic,2013,533 
Kyrgyz Republic,2014,533 
Kyrgyz Republic,2015,533 
Kyrgyz Republic,2016,533 
Kyrgyz Republic,2017,533 
Lao PDR,1985,1834 
Lao PDR,1986,1834 
Lao PDR,1987,1834 
Lao PDR,1989,1834 
Lao PDR,1990,1834 
Lao PDR,1991,1834 
Lao PDR,1992,1834 
Lao PDR,1993,1834 
Lao PDR,1994,1834 
Lao PDR,1995,1834 
Lao PDR,1996,1834 
Lao PDR,1997,1834 
Lao PDR,1998,1834 
Lao PDR,1999,1834 
Lao PDR,2000,1834 
Lao PDR,2001,1834 
Lao PDR,2002,1834 
Lao PDR,2004,1834 
Lao PDR,2005,1834 
Lao PDR,2006,1834 
Lao PDR,2007,1834 
Lao PDR,2008,1834 
Lao PDR,2009,1834 
Lao PDR,2010,1834 
Lao PDR,2011,1834 
Lao PDR,2012,1834 
Lao PDR,2013,1834 
Lao PDR,2014,1834 
Lao PDR,2015,1834 
Lao PDR,2016,1834 
Lao PDR,2017,1834 
Latvia,1985,641 
Latvia,1986,641 
Latvia,1987,641 
Latvia,1989,641 
Latvia,1990,641 
Latvia,1991,641 
Latvia,1992,641 
Latvia,1993,641 
Latvia,1994,641 
Latvia,1995,641 
Latvia,1996,641 
Latvia,1997,641 
Latvia,1998,641 
Latvia,1999,641 
Latvia,2000,641 
Latvia,2001,641 
Latvia,2002,641 
Latvia,2004,641 
Latvia,2005,641 
Latvia,2006,641 
Latvia,2007,641 
Latvia,2008,641 
Latvia,2009,641 
Latvia,2010,641 
Latvia,2011,641 
Latvia,2012,641 
Latvia,2013,641 
Latvia,2014,641 
Latvia,2015,641 
Latvia,2016,641 
Latvia,2017,641 
Lebanon,1985,661 
Lebanon,1986,661 
Lebanon,1987,661 
Lebanon,1989,661 
Lebanon,1990,661 
Lebanon,1991,661 
Lebanon,1992,661 
Lebanon,1993,661 
Lebanon,1994,661 
Lebanon,1995,661 
Lebanon,1996,661 
Lebanon,1997,661 
Lebanon,1998,661 
Lebanon,1999,661 
Lebanon,2000,661 
Lebanon,2001,661 
Lebanon,2002,661 
Lebanon,2004,661 
Lebanon,2005,661 
Lebanon,2006,661 
Lebanon,2007,661 
Lebanon,2008,661 
Lebanon,2009,661 
Lebanon,2010,661 
Lebanon,2011,661 
Lebanon,2012,661 
Lebanon,2013,661 
Lebanon,2014,661 
Lebanon,2015,661 
Lebanon,2016,661 
Lebanon,2017,661 
Lesotho,1985,788 
Lesotho,1986,788 
Lesotho,1987,788 
Lesotho,1989,788 
Lesotho,1990,788 
Lesotho,1991,788 
Lesotho,1992,788 
Lesotho,1993,788 
Lesotho,1994,788 
Lesotho,1995,788 
Lesotho,1996,788 
Lesotho,1997,788 
Lesotho,1998,788 
Lesotho,1999,788 
Lesotho,2000,788 
Lesotho,2001,788 
Lesotho,2002,788 
Lesotho,2004,788 
Lesotho,2005,788 
Lesotho,2006,788 
Lesotho,2007,788 
Lesotho,2008,788 
Lesotho,2009,788 
Lesotho,2010,788 
Lesotho,2011,788 
Lesotho,2012,788 
Lesotho,2013,788 
Lesotho,2014,788 
Lesotho,2015,788 
Lesotho,2016,788 
Lesotho,2017,788 
Liberia,1985,2391 
Liberia,1986,2391 
Liberia,1987,2391 
Liberia,1989,2391 
Liberia,1990,2391 
Liberia,1991,2391 
Liberia,1992,2391 
Liberia,1993,2391 
Liberia,1994,2391 
Liberia,1995,2391 
Liberia,1996,2391 
Liberia,1997,2391 
Liberia,1998,2391 
Liberia,1999,2391 
Liberia,2000,2391 
Liberia,2001,2391 
Liberia,2002,2391 
Liberia,2004,2391 
Liberia,2005,2391 
Liberia,2006,2391 
Liberia,2007,2391 
Liberia,2008,2391 
Liberia,2009,2391 
Liberia,2010,2391 
Liberia,2011,2391 
Liberia,2012,2391 
Liberia,2013,2391 
Liberia,2014,2391 
Liberia,2015,2391 
Liberia,2016,2391 
Liberia,2017,2391 
Libya,1985,56 
Libya,1986,56 
Libya,1987,56 
Libya,1989,56 
Libya,1990,56 
Libya,1991,56 
Libya,1992,56 
Libya,1993,56 
Libya,1994,56 
Libya,1995,56 
Libya,1996,56 
Libya,1997,56 
Libya,1998,56 
Libya,1999,56 
Libya,2000,56 
Libya,2001,56 
Libya,2002,56 
Libya,2004,56 
Libya,2005,56 
Libya,2006,56 
Libya,2007,56 
Libya,2008,56 
Libya,2009,56 
Libya,2010,56 
Libya,2011,56 
Libya,2012,56 
Libya,2013,56 
Libya,2014,56 
Libya,2015,56 
Libya,2016,56 
Libya,2017,56 
Liechtenstein,1985,56 
Liechtenstein,1986,56 
Liechtenstein,1987,56 
Liechtenstein,1989,56 
Liechtenstein,1990,56 
Liechtenstein,1991,56 
Liechtenstein,1992,56 
Liechtenstein,1993,56 
Liechtenstein,1994,56 
Liechtenstein,1995,56 
Liechtenstein,1996,56 
Liechtenstein,1997,56 
Liechtenstein,1998,56 
Liechtenstein,1999,56 
Liechtenstein,2000,56 
Liechtenstein,2001,56 
Liechtenstein,2002,56 
Liechtenstein,2004,56 
Liechtenstein,2005,56 
Liechtenstein,2006,56 
Liechtenstein,2007,56 
Liechtenstein,2008,56 
Liechtenstein,2009,56 
Liechtenstein,2010,56 
Liechtenstein,2011,56 
Liechtenstein,2012,56 
Liechtenstein,2013,56 
Liechtenstein,2014,56 
Liechtenstein,2015,56 
Liechtenstein,2016,56 
Liechtenstein,2017,56 
Lithuania,1985,656 
Lithuania,1986,656 
Lithuania,1987,656 
Lithuania,1989,656 
Lithuania,1990,656 
Lithuania,1991,656 
Lithuania,1992,656 
Lithuania,1993,656 
Lithuania,1994,656 
Lithuania,1995,656 
Lithuania,1996,656 
Lithuania,1997,656 
Lithuania,1998,656 
Lithuania,1999,656 
Lithuania,2000,656 
Lithuania,2001,656 
Lithuania,2002,656 
Lithuania,2004,656 
Lithuania,2005,656 
Lithuania,2006,656 
Lithuania,2007,656 
Lithuania,2008,656 
Lithuania,2009,656 
Lithuania,2010,656 
Lithuania,2011,656 
Lithuania,2012,656 
Lithuania,2013,656 
Lithuania,2014,656 
Lithuania,2015,656 
Lithuania,2016,656 
Lithuania,2017,656 
Luxembourg,1985,934 
Luxembourg,1986,934 
Luxembourg,1987,934 
Luxembourg,1989,934 
Luxembourg,1990,934 
Luxembourg,1991,934 
Luxembourg,1992,934 
Luxembourg,1993,934 
Luxembourg,1994,934 
Luxembourg,1995,934 
Luxembourg,1996,934 
Luxembourg,1997,934 
Luxembourg,1998,934 
Luxembourg,1999,934 
Luxembourg,2000,934 
Luxembourg,2001,934 
Luxembourg,2002,934 
Luxembourg,2004,934 
Luxembourg,2005,934 
Luxembourg,2006,934 
Luxembourg,2007,934 
Luxembourg,2008,934 
Luxembourg,2009,934 
Luxembourg,2010,934 
Luxembourg,2011,934 
Luxembourg,2012,934 
Luxembourg,2013,934 
Luxembourg,2014,934 
Luxembourg,2015,934 
Luxembourg,2016,934 
Luxembourg,2017,934 
China Macao SAR,1985, 
China Macao SAR,1986, 
China Macao SAR,1987, 
China Macao SAR,1989, 
China Macao SAR,1990, 
China Macao SAR,1991, 
China Macao SAR,1992, 
China Macao SAR,1993, 
China Macao SAR,1994, 
China Macao SAR,1995, 
China Macao SAR,1996, 
China Macao SAR,1997, 
China Macao SAR,1998, 
China Macao SAR,1999, 
China Macao SAR,2000, 
China Macao SAR,2001, 
China Macao SAR,2002, 
China Macao SAR,2004, 
China Macao SAR,2005, 
China Macao SAR,2006, 
China Macao SAR,2007, 
China Macao SAR,2008, 
China Macao SAR,2009, 
China Macao SAR,2010, 
China Macao SAR,2011, 
China Macao SAR,2012, 
China Macao SAR,2013, 
China Macao SAR,2014, 
China Macao SAR,2015, 
China Macao SAR,2016, 
China Macao SAR,2017, 
Macedonia,1985,619 
Macedonia,1986,619 
Macedonia,1987,619 
Macedonia,1989,619 
Macedonia,1990,619 
Macedonia,1991,619 
Macedonia,1992,619 
Macedonia,1993,619 
Macedonia,1994,619 
Macedonia,1995,619 
Macedonia,1996,619 
Macedonia,1997,619 
Macedonia,1998,619 
Macedonia,1999,619 
Macedonia,2000,619 
Macedonia,2001,619 
Macedonia,2002,619 
Macedonia,2004,619 
Macedonia,2005,619 
Macedonia,2006,619 
Macedonia,2007,619 
Macedonia,2008,619 
Macedonia,2009,619 
Macedonia,2010,619 
Macedonia,2011,619 
Macedonia,2012,619 
Macedonia,2013,619 
Macedonia,2014,619 
Macedonia,2015,619 
Macedonia,2016,619 
Macedonia,2017,619 
Madagascar,1985,1513 
Madagascar,1986,1513 
Madagascar,1987,1513 
Madagascar,1989,1513 
Madagascar,1990,1513 
Madagascar,1991,1513 
Madagascar,1992,1513 
Madagascar,1993,1513 
Madagascar,1994,1513 
Madagascar,1995,1513 
Madagascar,1996,1513 
Madagascar,1997,1513 
Madagascar,1998,1513 
Madagascar,1999,1513 
Madagascar,2000,1513 
Madagascar,2001,1513 
Madagascar,2002,1513 
Madagascar,2004,1513 
Madagascar,2005,1513 
Madagascar,2006,1513 
Madagascar,2007,1513 
Madagascar,2008,1513 
Madagascar,2009,1513 
Madagascar,2010,1513 
Madagascar,2011,1513 
Madagascar,2012,1513 
Madagascar,2013,1513 
Madagascar,2014,1513 
Madagascar,2015,1513 
Madagascar,2016,1513 
Madagascar,2017,1513 
Malawi,1985,1181 
Malawi,1986,1181 
Malawi,1987,1181 
Malawi,1989,1181 
Malawi,1990,1181 
Malawi,1991,1181 
Malawi,1992,1181 
Malawi,1993,1181 
Malawi,1994,1181 
Malawi,1995,1181 
Malawi,1996,1181 
Malawi,1997,1181 
Malawi,1998,1181 
Malawi,1999,1181 
Malawi,2000,1181 
Malawi,2001,1181 
Malawi,2002,1181 
Malawi,2004,1181 
Malawi,2005,1181 
Malawi,2006,1181 
Malawi,2007,1181 
Malawi,2008,1181 
Malawi,2009,1181 
Malawi,2010,1181 
Malawi,2011,1181 
Malawi,2012,1181 
Malawi,2013,1181 
Malawi,2014,1181 
Malawi,2015,1181 
Malawi,2016,1181 
Malawi,2017,1181 
Malaysia,1985,2875 
Malaysia,1986,2875 
Malaysia,1987,2875 
Malaysia,1989,2875 
Malaysia,1990,2875 
Malaysia,1991,2875 
Malaysia,1992,2875 
Malaysia,1993,2875 
Malaysia,1994,2875 
Malaysia,1995,2875 
Malaysia,1996,2875 
Malaysia,1997,2875 
Malaysia,1998,2875 
Malaysia,1999,2875 
Malaysia,2000,2875 
Malaysia,2001,2875 
Malaysia,2002,2875 
Malaysia,2004,2875 
Malaysia,2005,2875 
Malaysia,2006,2875 
Malaysia,2007,2875 
Malaysia,2008,2875 
Malaysia,2009,2875 
Malaysia,2010,2875 
Malaysia,2011,2875 
Malaysia,2012,2875 
Malaysia,2013,2875 
Malaysia,2014,2875 
Malaysia,2015,2875 
Malaysia,2016,2875 
Malaysia,2017,2875 
Maldives,1985,1972 
Maldives,1986,1972 
Maldives,1987,1972 
Maldives,1989,1972 
Maldives,1990,1972 
Maldives,1991,1972 
Maldives,1992,1972 
Maldives,1993,1972 
Maldives,1994,1972 
Maldives,1995,1972 
Maldives,1996,1972 
Maldives,1997,1972 
Maldives,1998,1972 
Maldives,1999,1972 
Maldives,2000,1972 
Maldives,2001,1972 
Maldives,2002,1972 
Maldives,2004,1972 
Maldives,2005,1972 
Maldives,2006,1972 
Maldives,2007,1972 
Maldives,2008,1972 
Maldives,2009,1972 
Maldives,2010,1972 
Maldives,2011,1972 
Maldives,2012,1972 
Maldives,2013,1972 
Maldives,2014,1972 
Maldives,2015,1972 
Maldives,2016,1972 
Maldives,2017,1972 
Mali,1985,282 
Mali,1986,282 
Mali,1987,282 
Mali,1989,282 
Mali,1990,282 
Mali,1991,282 
Mali,1992,282 
Mali,1993,282 
Mali,1994,282 
Mali,1995,282 
Mali,1996,282 
Mali,1997,282 
Mali,1998,282 
Mali,1999,282 
Mali,2000,282 
Mali,2001,282 
Mali,2002,282 
Mali,2004,282 
Mali,2005,282 
Mali,2006,282 
Mali,2007,282 
Mali,2008,282 
Mali,2009,282 
Mali,2010,282 
Mali,2011,282 
Mali,2012,282 
Mali,2013,282 
Mali,2014,282 
Mali,2015,282 
Mali,2016,282 
Mali,2017,282 
Malta,1985,560
Malta,1986,560 
Malta,1987,560 
Malta,1989,560 
Malta,1990,560 
Malta,1991,560 
Malta,1992,560 
Malta,1993,560 
Malta,1994,560 
Malta,1995,560 
Malta,1996,560 
Malta,1997,560 
Malta,1998,560 
Malta,1999,560 
Malta,2000,560 
Malta,2001,560 
Malta,2002,560 
Malta,2004,560 
Malta,2005,560 
Malta,2006,560 
Malta,2007,560 
Malta,2008,560 
Malta,2009,560 
Malta,2010,560 
Malta,2011,560 
Malta,2012,560 
Malta,2013,560 
Malta,2014,560 
Malta,2015,560 
Malta,2016,560 
Malta,2017,560 
Marshall Islands,1985,560 
Marshall Islands,1986,560 
Marshall Islands,1987,560 
Marshall Islands,1989,560 
Marshall Islands,1990,560 
Marshall Islands,1991,560 
Marshall Islands,1992,560 
Marshall Islands,1993,560 
Marshall Islands,1994,560 
Marshall Islands,1995,560 
Marshall Islands,1996,560 
Marshall Islands,1997,560 
Marshall Islands,1998,560 
Marshall Islands,1999,560 
Marshall Islands,2000,560 
Marshall Islands,2001,560 
Marshall Islands,2002,560 
Marshall Islands,2004,560 
Marshall Islands,2005,560 
Marshall Islands,2006,560 
Marshall Islands,2007,560 
Marshall Islands,2008,560 
Marshall Islands,2009,560 
Marshall Islands,2010,560 
Marshall Islands,2011,560 
Marshall Islands,2012,560 
Marshall Islands,2013,560 
Marshall Islands,2014,560 
Marshall Islands,2015,560 
Marshall Islands,2016,560 
Marshall Islands,2017,560 
Mauritania,1985,92 
Mauritania,1986,92 
Mauritania,1987,92 
Mauritania,1989,92 
Mauritania,1990,92 
Mauritania,1991,92 
Mauritania,1992,92 
Mauritania,1993,92 
Mauritania,1994,92 
Mauritania,1995,92 
Mauritania,1996,92 
Mauritania,1997,92 
Mauritania,1998,92 
Mauritania,1999,92 
Mauritania,2000,92 
Mauritania,2001,92 
Mauritania,2002,92 
Mauritania,2004,92 
Mauritania,2005,92 
Mauritania,2006,92 
Mauritania,2007,92 
Mauritania,2008,92 
Mauritania,2009,92 
Mauritania,2010,92 
Mauritania,2011,92 
Mauritania,2012,92 
Mauritania,2013,92 
Mauritania,2014,92 
Mauritania,2015,92 
Mauritania,2016,92 
Mauritania,2017,92 
Mauritius,1985,2041 
Mauritius,1986,2041 
Mauritius,1987,2041 
Mauritius,1989,2041 
Mauritius,1990,2041 
Mauritius,1991,2041 
Mauritius,1992,2041 
Mauritius,1993,2041 
Mauritius,1994,2041 
Mauritius,1995,2041 
Mauritius,1996,2041 
Mauritius,1997,2041 
Mauritius,1998,2041 
Mauritius,1999,2041 
Mauritius,2000,2041 
Mauritius,2001,2041 
Mauritius,2002,2041 
Mauritius,2004,2041 
Mauritius,2005,2041 
Mauritius,2006,2041 
Mauritius,2007,2041 
Mauritius,2008,2041 
Mauritius,2009,2041 
Mauritius,2010,2041 
Mauritius,2011,2041 
Mauritius,2012,2041 
Mauritius,2013,2041 
Mauritius,2014,2041 
Mauritius,2015,2041 
Mauritius,2016,2041 
Mauritius,2017,2041 
Mexico,1985,758 
Mexico,1986,758 
Mexico,1987,758 
Mexico,1989,758 
Mexico,1990,758 
Mexico,1991,758 
Mexico,1992,758 
Mexico,1993,758 
Mexico,1994,758 
Mexico,1995,758 
Mexico,1996,758 
Mexico,1997,758 
Mexico,1998,758 
Mexico,1999,758 
Mexico,2000,758 
Mexico,2001,758 
Mexico,2002,758 
Mexico,2004,758 
Mexico,2005,758 
Mexico,2006,758 
Mexico,2007,758 
Mexico,2008,758 
Mexico,2009,758 
Mexico,2010,758 
Mexico,2011,758 
Mexico,2012,758 
Mexico,2013,758 
Mexico,2014,758 
Mexico,2015,758 
Mexico,2016,758 
Mexico,2017,758 
Micronesia,1985,758 
Micronesia,1986,758 
Micronesia,1987,758 
Micronesia,1989,758 
Micronesia,1990,758 
Micronesia,1991,758 
Micronesia,1992,758 
Micronesia,1993,758 
Micronesia,1994,758 
Micronesia,1995,758 
Micronesia,1996,758 
Micronesia,1997,758 
Micronesia,1998,758 
Micronesia,1999,758 
Micronesia,2000,758 
Micronesia,2001,758 
Micronesia,2002,758 
Micronesia,2004,758 
Micronesia,2005,758 
Micronesia,2006,758 
Micronesia,2007,758 
Micronesia,2008,758 
Micronesia,2009,758 
Micronesia,2010,758 
Micronesia,2011,758 
Micronesia,2012,758 
Micronesia,2013,758 
Micronesia,2014,758 
Micronesia,2015,758 
Micronesia,2016,758 
Micronesia,2017,758 
Moldova,1985,450 
Moldova,1986,450 
Moldova,1987,450 
Moldova,1989,450 
Moldova,1990,450 
Moldova,1991,450 
Moldova,1992,450 
Moldova,1993,450 
Moldova,1994,450 
Moldova,1995,450 
Moldova,1996,450 
Moldova,1997,450 
Moldova,1998,450 
Moldova,1999,450 
Moldova,2000,450 
Moldova,2001,450 
Moldova,2002,450 
Moldova,2004,450 
Moldova,2005,450 
Moldova,2006,450 
Moldova,2007,450 
Moldova,2008,450 
Moldova,2009,450 
Moldova,2010,450 
Moldova,2011,450 
Moldova,2012,450 
Moldova,2013,450 
Moldova,2014,450 
Moldova,2015,450 
Moldova,2016,450 
Moldova,2017,450 
Monaco,1985,
Monaco,1986,
Monaco,1987, 
Monaco,1989, 
Monaco,1990, 
Monaco,1991, 
Monaco,1992, 
Monaco,1993, 
Monaco,1994, 
Monaco,1995, 
Monaco,1996, 
Monaco,1997, 
Monaco,1998, 
Monaco,1999, 
Monaco,2000, 
Monaco,2001, 
Monaco,2002, 
Monaco,2004, 
Monaco,2005, 
Monaco,2006, 
Monaco,2007, 
Monaco,2008, 
Monaco,2009, 
Monaco,2010, 
Monaco,2011, 
Monaco,2012, 
Monaco,2013, 
Monaco,2014, 
Monaco,2015, 
Monaco,2016, 
Monaco,2017, 
Mongolia,1985,241 
Mongolia,1986,241 
Mongolia,1987,241 
Mongolia,1989,241 
Mongolia,1990,241 
Mongolia,1991,241 
Mongolia,1992,241 
Mongolia,1993,241 
Mongolia,1994,241 
Mongolia,1995,241 
Mongolia,1996,241 
Mongolia,1997,241 
Mongolia,1998,241 
Mongolia,1999,241 
Mongolia,2000,241 
Mongolia,2001,241 
Mongolia,2002,241 
Mongolia,2004,241 
Mongolia,2005,241 
Mongolia,2006,241 
Mongolia,2007,241 
Mongolia,2008,241 
Mongolia,2009,241 
Mongolia,2010,241 
Mongolia,2011,241 
Mongolia,2012,241 
Mongolia,2013,241 
Mongolia,2014,241 
Mongolia,2015,241 
Mongolia,2016,241 
Mongolia,2017,241 
Montenegro,1985,241 
Montenegro,1986,241 
Montenegro,1987,241 
Montenegro,1989,241 
Montenegro,1990,241 
Montenegro,1991,241 
Montenegro,1992,241 
Montenegro,1993,241 
Montenegro,1994,241 
Montenegro,1995,241 
Montenegro,1996,241 
Montenegro,1997,241 
Montenegro,1998,241 
Montenegro,1999,241 
Montenegro,2000,241 
Montenegro,2001,241 
Montenegro,2002,241 
Montenegro,2004,241 
Montenegro,2005,241 
Montenegro,2006,241 
Montenegro,2007,241 
Montenegro,2008,241 
Montenegro,2009,241 
Montenegro,2010,241 
Montenegro,2011,241 
Montenegro,2012,241 
Montenegro,2013,241 
Montenegro,2014,241 
Montenegro,2015,241 
Montenegro,2016,241 
Montenegro,2017,241 
Morocco,1985,346 
Morocco,1986,346 
Morocco,1987,346 
Morocco,1989,346 
Morocco,1990,346 
Morocco,1991,346 
Morocco,1992,346 
Morocco,1993,346 
Morocco,1994,346 
Morocco,1995,346 
Morocco,1996,346 
Morocco,1997,346 
Morocco,1998,346 
Morocco,1999,346 
Morocco,2000,346 
Morocco,2001,346 
Morocco,2002,346 
Morocco,2004,346 
Morocco,2005,346 
Morocco,2006,346 
Morocco,2007,346 
Morocco,2008,346 
Morocco,2009,346 
Morocco,2010,346 
Morocco,2011,346 
Morocco,2012,346 
Morocco,2013,346 
Morocco,2014,346 
Morocco,2015,346 
Morocco,2016,346 
Morocco,2017,346 
Mozambique,1985,1032 
Mozambique,1986,1032 
Mozambique,1987,1032 
Mozambique,1989,1032 
Mozambique,1990,1032 
Mozambique,1991,1032 
Mozambique,1992,1032 
Mozambique,1993,1032 
Mozambique,1994,1032 
Mozambique,1995,1032 
Mozambique,1996,1032 
Mozambique,1997,1032 
Mozambique,1998,1032 
Mozambique,1999,1032 
Mozambique,2000,1032 
Mozambique,2001,1032 
Mozambique,2002,1032 
Mozambique,2004,1032 
Mozambique,2005,1032 
Mozambique,2006,1032 
Mozambique,2007,1032 
Mozambique,2008,1032 
Mozambique,2009,1032 
Mozambique,2010,1032 
Mozambique,2011,1032 
Mozambique,2012,1032 
Mozambique,2013,1032 
Mozambique,2014,1032 
Mozambique,2015,1032 
Mozambique,2016,1032 
Mozambique,2017,1032 
Myanmar,1985,2091 
Myanmar,1986,2091 
Myanmar,1987,2091 
Myanmar,1989,2091 
Myanmar,1990,2091 
Myanmar,1991,2091 
Myanmar,1992,2091 
Myanmar,1993,2091 
Myanmar,1994,2091 
Myanmar,1995,2091 
Myanmar,1996,2091 
Myanmar,1997,2091 
Myanmar,1998,2091 
Myanmar,1999,2091 
Myanmar,2000,2091 
Myanmar,2001,2091 
Myanmar,2002,2091 
Myanmar,2004,2091 
Myanmar,2005,2091 
Myanmar,2006,2091 
Myanmar,2007,2091 
Myanmar,2008,2091 
Myanmar,2009,2091 
Myanmar,2010,2091 
Myanmar,2011,2091 
Myanmar,2012,2091 
Myanmar,2013,2091 
Myanmar,2014,2091 
Myanmar,2015,2091 
Myanmar,2016,2091 
Myanmar,2017,2091 
Namibia,1985,285 
Namibia,1986,285 
Namibia,1987,285 
Namibia,1989,285 
Namibia,1990,285 
Namibia,1991,285 
Namibia,1992,285 
Namibia,1993,285 
Namibia,1994,285 
Namibia,1995,285 
Namibia,1996,285 
Namibia,1997,285 
Namibia,1998,285 
Namibia,1999,285 
Namibia,2000,285 
Namibia,2001,285 
Namibia,2002,285 
Namibia,2004,285 
Namibia,2005,285 
Namibia,2006,285 
Namibia,2007,285 
Namibia,2008,285 
Namibia,2009,285 
Namibia,2010,285 
Namibia,2011,285 
Namibia,2012,285 
Namibia,2013,285 
Namibia,2014,285 
Namibia,2015,285 
Namibia,2016,285 
Namibia,2017,285 
Nauru,1985,285 
Nauru,1986,285 
Nauru,1987,285 
Nauru,1989,285 
Nauru,1990,285 
Nauru,1991,285 
Nauru,1992,285 
Nauru,1993,285 
Nauru,1994,285 
Nauru,1995,285 
Nauru,1996,285 
Nauru,1997,285 
Nauru,1998,285 
Nauru,1999,285 
Nauru,2000,285 
Nauru,2001,285 
Nauru,2002,285 
Nauru,2004,285 
Nauru,2005,285 
Nauru,2006,285 
Nauru,2007,285 
Nauru,2008,285 
Nauru,2009,285 
Nauru,2010,285 
Nauru,2011,285 
Nauru,2012,285 
Nauru,2013,285 
Nauru,2014,285 
Nauru,2015,285 
Nauru,2016,285 
Nauru,2017,285 
Nepal,1985,1500 
Nepal,1986,1500 
Nepal,1987,1500 
Nepal,1989,1500 
Nepal,1990,1500 
Nepal,1991,1500 
Nepal,1992,1500 
Nepal,1993,1500 
Nepal,1994,1500 
Nepal,1995,1500 
Nepal,1996,1500 
Nepal,1997,1500 
Nepal,1998,1500 
Nepal,1999,1500 
Nepal,2000,1500 
Nepal,2001,1500 
Nepal,2002,1500 
Nepal,2004,1500 
Nepal,2005,1500 
Nepal,2006,1500 
Nepal,2007,1500 
Nepal,2008,1500 
Nepal,2009,1500 
Nepal,2010,1500 
Nepal,2011,1500 
Nepal,2012,1500 
Nepal,2013,1500 
Nepal,2014,1500 
Nepal,2015,1500 
Nepal,2016,1500 
Nepal,2017,1500 
Netherlands,1985,778 
Netherlands,1986,778 
Netherlands,1987,778 
Netherlands,1989,778 
Netherlands,1990,778 
Netherlands,1991,778 
Netherlands,1992,778 
Netherlands,1993,778 
Netherlands,1994,778 
Netherlands,1995,778 
Netherlands,1996,778 
Netherlands,1997,778 
Netherlands,1998,778 
Netherlands,1999,778 
Netherlands,2000,778 
Netherlands,2001,778 
Netherlands,2002,778 
Netherlands,2004,778 
Netherlands,2005,778 
Netherlands,2006,778 
Netherlands,2007,778 
Netherlands,2008,778 
Netherlands,2009,778 
Netherlands,2010,778 
Netherlands,2011,778 
Netherlands,2012,778 
Netherlands,2013,778 
Netherlands,2014,778 
Netherlands,2015,778 
Netherlands,2016,778 
Netherlands,2017,778 
New Caledonia,1985, 
New Caledonia,1986, 
New Caledonia,1987, 
New Caledonia,1989, 
New Caledonia,1990, 
New Caledonia,1991, 
New Caledonia,1992, 
New Caledonia,1993, 
New Caledonia,1994, 
New Caledonia,1995, 
New Caledonia,1996, 
New Caledonia,1997, 
New Caledonia,1998, 
New Caledonia,1999, 
New Caledonia,2000, 
New Caledonia,2001, 
New Caledonia,2002, 
New Caledonia,2004, 
New Caledonia,2005, 
New Caledonia,2006, 
New Caledonia,2007, 
New Caledonia,2008, 
New Caledonia,2009, 
New Caledonia,2010, 
New Caledonia,2011, 
New Caledonia,2012, 
New Caledonia,2013, 
New Caledonia,2014, 
New Caledonia,2015, 
New Caledonia,2016, 
New Caledonia,2017, 
New Zealand,1985,1732 
New Zealand,1986,1732 
New Zealand,1987,1732 
New Zealand,1989,1732 
New Zealand,1990,1732 
New Zealand,1991,1732 
New Zealand,1992,1732 
New Zealand,1993,1732 
New Zealand,1994,1732 
New Zealand,1995,1732 
New Zealand,1996,1732 
New Zealand,1997,1732 
New Zealand,1998,1732 
New Zealand,1999,1732 
New Zealand,2000,1732 
New Zealand,2001,1732 
New Zealand,2002,1732 
New Zealand,2004,1732 
New Zealand,2005,1732 
New Zealand,2006,1732 
New Zealand,2007,1732 
New Zealand,2008,1732 
New Zealand,2009,1732 
New Zealand,2010,1732 
New Zealand,2011,1732 
New Zealand,2012,1732 
New Zealand,2013,1732 
New Zealand,2014,1732 
New Zealand,2015,1732 
New Zealand,2016,1732 
New Zealand,2017,1732 
Nicaragua,1985,2280 
Nicaragua,1986,2280 
Nicaragua,1987,2280 
Nicaragua,1989,2280 
Nicaragua,1990,2280 
Nicaragua,1991,2280 
Nicaragua,1992,2280 
Nicaragua,1993,2280 
Nicaragua,1994,2280 
Nicaragua,1995,2280 
Nicaragua,1996,2280 
Nicaragua,1997,2280 
Nicaragua,1998,2280 
Nicaragua,1999,2280 
Nicaragua,2000,2280 
Nicaragua,2001,2280 
Nicaragua,2002,2280 
Nicaragua,2004,2280 
Nicaragua,2005,2280 
Nicaragua,2006,2280 
Nicaragua,2007,2280 
Nicaragua,2008,2280 
Nicaragua,2009,2280 
Nicaragua,2010,2280 
Nicaragua,2011,2280 
Nicaragua,2012,2280 
Nicaragua,2013,2280 
Nicaragua,2014,2280 
Nicaragua,2015,2280 
Nicaragua,2016,2280 
Nicaragua,2017,2280 
Niger,1985,151 
Niger,1986,151 
Niger,1987,151 
Niger,1989,151 
Niger,1990,151 
Niger,1991,151 
Niger,1992,151 
Niger,1993,151 
Niger,1994,151 
Niger,1995,151 
Niger,1996,151 
Niger,1997,151 
Niger,1998,151 
Niger,1999,151 
Niger,2000,151 
Niger,2001,151 
Niger,2002,151 
Niger,2004,151 
Niger,2005,151 
Niger,2006,151 
Niger,2007,151 
Niger,2008,151 
Niger,2009,151 
Niger,2010,151 
Niger,2011,151 
Niger,2012,151 
Niger,2013,151 
Niger,2014,151 
Niger,2015,151 
Niger,2016,151 
Niger,2017,151 
Nigeria,1985,1150 
Nigeria,1986,1150 
Nigeria,1987,1150 
Nigeria,1989,1150 
Nigeria,1990,1150 
Nigeria,1991,1150 
Nigeria,1992,1150 
Nigeria,1993,1150 
Nigeria,1994,1150 
Nigeria,1995,1150 
Nigeria,1996,1150 
Nigeria,1997,1150 
Nigeria,1998,1150 
Nigeria,1999,1150 
Nigeria,2000,1150 
Nigeria,2001,1150 
Nigeria,2002,1150 
Nigeria,2004,1150 
Nigeria,2005,1150 
Nigeria,2006,1150 
Nigeria,2007,1150 
Nigeria,2008,1150 
Nigeria,2009,1150 
Nigeria,2010,1150 
Nigeria,2011,1150 
Nigeria,2012,1150 
Nigeria,2013,1150 
Nigeria,2014,1150 
Nigeria,2015,1150 
Nigeria,2016,1150 
Nigeria,2017,1150 
Northern Mariana Islands,1985, 
Northern Mariana Islands,1986, 
Northern Mariana Islands,1987, 
Northern Mariana Islands,1989, 
Northern Mariana Islands,1990, 
Northern Mariana Islands,1991, 
Northern Mariana Islands,1992, 
Northern Mariana Islands,1993, 
Northern Mariana Islands,1994, 
Northern Mariana Islands,1995, 
Northern Mariana Islands,1996, 
Northern Mariana Islands,1997, 
Northern Mariana Islands,1998, 
Northern Mariana Islands,1999, 
Northern Mariana Islands,2000, 
Northern Mariana Islands,2001, 
Northern Mariana Islands,2002, 
Northern Mariana Islands,2004, 
Northern Mariana Islands,2005, 
Northern Mariana Islands,2006, 
Northern Mariana Islands,2007, 
Northern Mariana Islands,2008, 
Northern Mariana Islands,2009, 
Northern Mariana Islands,2010, 
Northern Mariana Islands,2011, 
Northern Mariana Islands,2012, 
Northern Mariana Islands,2013, 
Northern Mariana Islands,2014, 
Northern Mariana Islands,2015, 
Northern Mariana Islands,2016, 
Northern Mariana Islands,2017, 
Norway,1985,1414 
Norway,1986,1414 
Norway,1987,1414 
Norway,1989,1414 
Norway,1990,1414 
Norway,1991,1414 
Norway,1992,1414 
Norway,1993,1414 
Norway,1994,1414 
Norway,1995,1414 
Norway,1996,1414 
Norway,1997,1414 
Norway,1998,1414 
Norway,1999,1414 
Norway,2000,1414 
Norway,2001,1414 
Norway,2002,1414 
Norway,2004,1414 
Norway,2005,1414 
Norway,2006,1414 
Norway,2007,1414 
Norway,2008,1414 
Norway,2009,1414 
Norway,2010,1414 
Norway,2011,1414 
Norway,2012,1414 
Norway,2013,1414 
Norway,2014,1414 
Norway,2015,1414 
Norway,2016,1414 
Norway,2017,1414 
Oman,1985,125 
Oman,1986,125 
Oman,1987,125 
Oman,1989,125 
Oman,1990,125 
Oman,1991,125 
Oman,1992,125 
Oman,1993,125 
Oman,1994,125 
Oman,1995,125 
Oman,1996,125 
Oman,1997,125 
Oman,1998,125 
Oman,1999,125 
Oman,2000,125 
Oman,2001,125 
Oman,2002,125 
Oman,2004,125 
Oman,2005,125 
Oman,2006,125 
Oman,2007,125 
Oman,2008,125 
Oman,2009,125 
Oman,2010,125 
Oman,2011,125 
Oman,2012,125 
Oman,2013,125 
Oman,2014,125 
Oman,2015,125 
Oman,2016,125 
Oman,2017,125 
Pakistan,1985,494 
Pakistan,1986,494 
Pakistan,1987,494 
Pakistan,1989,494 
Pakistan,1990,494 
Pakistan,1991,494 
Pakistan,1992,494 
Pakistan,1993,494 
Pakistan,1994,494 
Pakistan,1995,494 
Pakistan,1996,494 
Pakistan,1997,494 
Pakistan,1998,494 
Pakistan,1999,494 
Pakistan,2000,494 
Pakistan,2001,494 
Pakistan,2002,494 
Pakistan,2004,494 
Pakistan,2005,494 
Pakistan,2006,494 
Pakistan,2007,494 
Pakistan,2008,494 
Pakistan,2009,494 
Pakistan,2010,494 
Pakistan,2011,494 
Pakistan,2012,494 
Pakistan,2013,494 
Pakistan,2014,494 
Pakistan,2015,494 
Pakistan,2016,494 
Pakistan,2017,494 
Palau,1985,494 
Palau,1986,494 
Palau,1987,494 
Palau,1989,494 
Palau,1990,494 
Palau,1991,494 
Palau,1992,494 
Palau,1993,494 
Palau,1994,494 
Palau,1995,494 
Palau,1996,494 
Palau,1997,494 
Palau,1998,494 
Palau,1999,494 
Palau,2000,494 
Palau,2001,494 
Palau,2002,494 
Palau,2004,494 
Palau,2005,494 
Palau,2006,494 
Palau,2007,494 
Palau,2008,494 
Palau,2009,494 
Palau,2010,494 
Palau,2011,494 
Palau,2012,494 
Palau,2013,494 
Palau,2014,494 
Palau,2015,494 
Palau,2016,494 
Palau,2017,494 
Panama,1985,2928 
Panama,1986,2928 
Panama,1987,2928 
Panama,1989,2928 
Panama,1990,2928 
Panama,1991,2928 
Panama,1992,2928 
Panama,1993,2928 
Panama,1994,2928 
Panama,1995,2928 
Panama,1996,2928 
Panama,1997,2928 
Panama,1998,2928 
Panama,1999,2928 
Panama,2000,2928 
Panama,2001,2928 
Panama,2002,2928 
Panama,2004,2928 
Panama,2005,2928 
Panama,2006,2928 
Panama,2007,2928 
Panama,2008,2928 
Panama,2009,2928 
Panama,2010,2928 
Panama,2011,2928 
Panama,2012,2928 
Panama,2013,2928 
Panama,2014,2928 
Panama,2015,2928 
Panama,2016,2928 
Panama,2017,2928 
Papua New Guinea,1985,3142 
Papua New Guinea,1986,3142 
Papua New Guinea,1987,3142 
Papua New Guinea,1989,3142 
Papua New Guinea,1990,3142 
Papua New Guinea,1991,3142 
Papua New Guinea,1992,3142 
Papua New Guinea,1993,3142 
Papua New Guinea,1994,3142 
Papua New Guinea,1995,3142 
Papua New Guinea,1996,3142 
Papua New Guinea,1997,3142 
Papua New Guinea,1998,3142 
Papua New Guinea,1999,3142 
Papua New Guinea,2000,3142 
Papua New Guinea,2001,3142 
Papua New Guinea,2002,3142 
Papua New Guinea,2004,3142 
Papua New Guinea,2005,3142 
Papua New Guinea,2006,3142 
Papua New Guinea,2007,3142 
Papua New Guinea,2008,3142 
Papua New Guinea,2009,3142 
Papua New Guinea,2010,3142 
Papua New Guinea,2011,3142 
Papua New Guinea,2012,3142 
Papua New Guinea,2013,3142 
Papua New Guinea,2014,3142 
Papua New Guinea,2015,3142 
Papua New Guinea,2016,3142 
Papua New Guinea,2017,3142 
Paraguay,1985,3142 
Paraguay,1986,1130 
Paraguay,1987,1130 
Paraguay,1989,1130 
Paraguay,1990,1130 
Paraguay,1991,1130 
Paraguay,1992,1130 
Paraguay,1993,1130 
Paraguay,1994,1130 
Paraguay,1995,1130 
Paraguay,1996,1130 
Paraguay,1997,1130 
Paraguay,1998,1130 
Paraguay,1999,1130 
Paraguay,2000,1130 
Paraguay,2001,1130 
Paraguay,2002,1130 
Paraguay,2004,1130 
Paraguay,2005,1130 
Paraguay,2006,1130 
Paraguay,2007,1130 
Paraguay,2008,1130 
Paraguay,2009,1130 
Paraguay,2010,1130 
Paraguay,2011,1130 
Paraguay,2012,1130 
Paraguay,2013,1130 
Paraguay,2014,1130 
Paraguay,2015,1130 
Paraguay,2016,1130 
Paraguay,2017,1130 
Peru,1985,1738 
Peru,1986,1738 
Peru,1987,1738 
Peru,1989,1738 
Peru,1990,1738 
Peru,1991,1738 
Peru,1992,1738 
Peru,1993,1738 
Peru,1994,1738 
Peru,1995,1738 
Peru,1996,1738 
Peru,1997,1738 
Peru,1998,1738 
Peru,1999,1738 
Peru,2000,1738 
Peru,2001,1738 
Peru,2002,1738 
Peru,2004,1738 
Peru,2005,1738 
Peru,2006,1738 
Peru,2007,1738 
Peru,2008,1738 
Peru,2009,1738 
Peru,2010,1738 
Peru,2011,1738 
Peru,2012,1738 
Peru,2013,1738 
Peru,2014,1738 
Peru,2015,1738 
Peru,2016,1738 
Peru,2017,1738 
Philippines,1985,2348 
Philippines,1986,2348 
Philippines,1987,2348 
Philippines,1989,2348 
Philippines,1990,2348 
Philippines,1991,2348 
Philippines,1992,2348 
Philippines,1993,2348 
Philippines,1994,2348 
Philippines,1995,2348 
Philippines,1996,2348 
Philippines,1997,2348 
Philippines,1998,2348 
Philippines,1999,2348 
Philippines,2000,2348 
Philippines,2001,2348 
Philippines,2002,2348 
Philippines,2004,2348 
Philippines,2005,2348 
Philippines,2006,2348 
Philippines,2007,2348 
Philippines,2008,2348 
Philippines,2009,2348 
Philippines,2010,2348 
Philippines,2011,2348 
Philippines,2012,2348 
Philippines,2013,2348 
Philippines,2014,2348 
Philippines,2015,2348 
Philippines,2016,2348 
Philippines,2017,2348 
Poland,1985,600 
Poland,1986,600 
Poland,1987,600 
Poland,1989,600 
Poland,1990,600 
Poland,1991,600 
Poland,1992,600 
Poland,1993,600 
Poland,1994,600 
Poland,1995,600 
Poland,1996,600 
Poland,1997,600 
Poland,1998,600 
Poland,1999,600 
Poland,2000,600 
Poland,2001,600 
Poland,2002,600 
Poland,2004,600 
Poland,2005,600 
Poland,2006,600 
Poland,2007,600 
Poland,2008,600 
Poland,2009,600 
Poland,2010,600 
Poland,2011,600 
Poland,2012,600 
Poland,2013,600 
Poland,2014,600 
Poland,2015,600 
Poland,2016,600 
Poland,2017,600 
Portugal,1985,854 
Portugal,1986,854 
Portugal,1987,854 
Portugal,1989,854 
Portugal,1990,854 
Portugal,1991,854 
Portugal,1992,854 
Portugal,1993,854 
Portugal,1994,854 
Portugal,1995,854 
Portugal,1996,854 
Portugal,1997,854 
Portugal,1998,854 
Portugal,1999,854 
Portugal,2000,854 
Portugal,2001,854 
Portugal,2002,854 
Portugal,2004,854 
Portugal,2005,854 
Portugal,2006,854 
Portugal,2007,854 
Portugal,2008,854 
Portugal,2009,854 
Portugal,2010,854 
Portugal,2011,854 
Portugal,2012,854 
Portugal,2013,854 
Portugal,2014,854 
Portugal,2015,854 
Portugal,2016,854 
Portugal,2017,854 
Puerto Rico,1985,2054 
Puerto Rico,1986,2054 
Puerto Rico,1987,2054 
Puerto Rico,1989,2054 
Puerto Rico,1990,2054 
Puerto Rico,1991,2054 
Puerto Rico,1992,2054
